count,genome
4235,"S_1"
3719,"S_2"
3120,"S_1⊕1"
2645,"(1,2,{1,3},{},[S_1,S_12,S_2⊕1,S_3⊕1])"
2364,"(3,2,{3},{},[S_1,S_15,S_1⊕1])"
2041,"S_8⊕1"
1821,"S_4⊕1"
1801,"(3,2,{3},{},[S_1,S_15,S_1⊕1,S_8])"
1696,"(1,0,{1},{},[S_1,S_3⊕1])"
1659,"S_12⊕1"
1574,"(1,0,{1},{},[S_1,S_15,S_8])"
1571,"(1,0,{1,3},{},[S_1,S_3⊕1,S_6])"
1189,"(3,1,{0},{0,2},[S_2⊕1,S_3,S_5])"
1149,"S_5⊕1"
1097,"(1,0,{1},{},[S_1,S_15])"
1004,"S_3⊕1"
998,"(3,1,{0},{},[S_1⊕1,S_2⊕1,S_4,S_5])"
928,"(1,1,{0},{0,2},[S_2⊕1,S_5])"
906,"S_25"
858,"S_30"
823,"S_23⊕1"
768,"(3,2,{1,3},{},[S_1,S_15,S_1⊕1,S_8])"
760,"(1,1,{3},{0},[S_15,S_23,S_2⊕1,S_3⊕1,S_5])"
718,"S_2⊕1"
711,"S_9⊕1"
687,"S_20"
677,"S_28"
665,"(1,2,{1},{0},[S_1,S_3⊕1])"
577,"(3,2,{3},{},[S_1,S_12,S_1⊕1,S_5,S_8])"
567,"(3,3,{2},{0,2},[S_2,S_2⊕1])"
565,"(3,1,{0},{0,2},[S_2⊕1,S_3])"
562,"(1,0,{1},{},[S_1,S_8])"
559,"(1,0,{1,3},{},[S_1,S_3⊕1,S_6,S_8])"
529,"S_21⊕1"
516,"(3,2,{1,3},{},[S_1,S_12,S_1⊕1,S_2⊕1,S_8])"
495,"(3,1,{0},{0},[S_1⊕1,S_2⊕1,S_3,S_5])"
495,"S_23"
493,"S_14⊕1"
477,"(3,2,{0,1,3},{},[S_1,S_1⊕1,S_21,S_3⊕1,S_8])"
470,"(2,1,{0},{0},[S_2⊕1,S_3])"
467,"(1,4,{0,1,3},{},[S_12,S_2⊕1,S_4,S_6,S_7,S_8])"
467,"S_22⊕1"
456,"(0,1,{0,3},{},[S_15,S_1⊕1,S_8])"
454,"S_19⊕1"
453,"S_9"
436,"(1,0,{1,3},{},[S_1,S_12,S_21,S_23,S_6,S_8])"
431,"S_12"
413,"(3,2,{1,3},{},[S_1,S_1⊕1,S_3⊕1,S_6,S_8])"
407,"(3,2,{1,3},{},[S_1,S_12,S_1⊕1,S_3⊕1,S_5,S_8])"
398,"(1,4,{1,2,3},{},[S_1,S_12,S_2⊕1,S_4,S_6,S_9])"
385,"(1,2,{3},{0},[S_1,S_23,S_2⊕1,S_3⊕1,S_5])"
380,"(1,4,{1},{},[S_1,S_2⊕1,S_8,S_9])"
380,"(3,4,{0,1,3},{},[S_1,S_1⊕1,S_2⊕1,S_7,S_8])"
376,"(1,2,{3},{},[S_1,S_12,S_15,S_23,S_2⊕1,S_4])"
370,"(1,2,{1},{0},[S_1,S_15,S_23,S_3⊕1])"
360,"(3,0,{3},{2},[S_1,S_15,S_3,S_3⊕1])"
358,"(3,0,{3},{},[S_1,S_3,S_8])"
357,"(2,3,{1,2},{},[S_1,S_1⊕1])"
351,"S_8"
338,"(1,1,{3},{0},[S_19,S_23,S_2⊕1,S_3⊕1,S_5])"
337,"(1,4,{1,3},{},[S_1,S_12,S_2⊕1,S_7])"
337,"(3,0,{3},{2},[S_15,S_3,S_3⊕1])"
332,"(1,0,{1,3},{},[S_1,S_12,S_23,S_6])"
332,"(1,1,{0,3},{},[S_12,S_15,S_19,S_2⊕1,S_3⊕1,S_4])"
330,"S_27⊕1"
324,"(3,1,{0,3},{},[S_18,S_1⊕1,S_21,S_2⊕1,S_7,S_8])"
319,"(3,2,{0,3},{},[S_1,S_18,S_1⊕1,S_5,S_8])"
316,"(2,0,{1},{},[S_1,S_12,S_2,S_27,S_3⊕1,S_5⊕1])"
316,"(3,1,{0,3},{},[S_1⊕1,S_21,S_2⊕1,S_7,S_8])"
314,"(1,2,{3},{0},[S_1,S_15,S_23,S_3⊕1,S_5])"
314,"(1,4,{1,3},{},[S_1,S_12,S_2⊕1,S_4,S_6,S_7,S_8])"
313,"(1,2,{3},{},[S_1,S_12,S_23,S_2⊕1,S_3⊕1,S_4,S_5,S_8])"
312,"(1,1,{2},{0,2},[(2,3,{0},{0,1}),S_2⊕1,S_3⊕1])"
309,"(1,1,{3},{0,2,3},[(2,3,{0},{0,1}),(3,3,{2},{0,1,2}),S_2⊕1,S_3⊕1])"
309,"(1,4,{1,2,3},{},[S_1,S_12,S_2⊕1,S_4,S_6,S_8,S_9])"
304,"(1,2,{1,3},{},[S_1,S_12,S_3⊕1,S_4,S_6,S_8])"
302,"(1,2,{1,3},{},[S_1,S_12,S_23,S_2⊕1])"
302,"(2,1,{0,2},{},[S_1⊕1,S_2⊕1,S_7])"
300,"(1,2,{0,1},{},[S_1,S_21,S_2⊕1,S_3⊕1])"
296,"(1,2,{1,3},{},[S_1,S_12,S_3⊕1,S_5,S_8])"
294,"S_2⊕2"
288,"(3,1,{0},{0},[S_2⊕1,S_3,S_5])"
287,"S_1⊕2"
283,"(4,2,{3},{},[(3,3,{2},{0,1,2}),S_12,S_15,S_2,S_27,S_2⊕1,S_2⊕2,S_4])"
279,"(1,2,{3},{0},[S_1,S_15,S_3⊕1,S_5])"
279,"(3,4,{3},{2},[S_1,S_15,S_1⊕1,S_3,S_3⊕1,S_5])"
279,"S_22"
277,"(1,1,{3},{0},[S_23,S_2⊕1,S_3⊕1,S_5])"
272,"(3,4,{2},{0},[S_1,S_1⊕1,S_3⊕1,S_5])"
271,"S_19"
261,"(2,4,{0,2,3},{},[S_1,S_12,S_1⊕1,S_21,S_2⊕1])"
260,"S_27"
257,"(3,1,{0,3},{},[S_12,S_14,S_18,S_1⊕1,S_2⊕1,S_4,S_7])"
255,"(3,1,{0,2,3},{},[S_12,S_1⊕1,S_2⊕1,S_4,S_7])"
251,"(1,1,{3},{0},[S_19,S_23,S_2⊕1,S_3⊕1])"
243,"(1,2,{3},{},[S_1,S_12,S_2⊕1,S_3⊕1,S_5,S_8])"
242,"(1,2,{1,3},{},[S_12,S_19,S_21,S_2⊕1,S_4,S_6,S_8])"
241,"(1,2,{0,1,3},{},[S_1,S_12,S_19,S_21,S_6,S_8])"
237,"(2,0,{1},{},[S_1,S_2,S_27])"
237,"(3,1,{0,2,3},{},[S_18,S_1⊕1,S_2⊕1,S_7])"
236,"(2,3,{0},{0,1},[S_2⊕1,S_3])"
228,"(1,1,{0},{0},[S_15,S_23,S_2⊕1,S_5])"
227,"(1,2,{0,1,3},{},[S_12,S_14,S_23,S_2⊕1,S_4,S_6,S_8])"
226,"(1,2,{3},{},[S_1,S_12,S_23,S_2⊕1,S_4,S_5,S_8])"
225,"(1,0,{1,3},{},[S_1,S_15,S_3⊕1,S_6])"
224,"(1,2,{0,1,3},{},[S_12,S_18,S_2⊕1,S_4,S_6,S_8])"
223,"(1,1,{3},{0,2,3},[(2,3,{0},{0,1}),(3,3,{0},{0,1,2}),(3,3,{2},{0,1,2}),S_23,S_2⊕1,S_3⊕1])"
220,"(3,1,{0,3},{},[S_12,S_18,S_1⊕1,S_2⊕1,S_4])"
220,"(3,1,{0,3},{},[S_12,S_18,S_1⊕1,S_4,S_5,S_7])"
219,"(1,4,{0,1,3},{},[S_1,S_14,S_2⊕1,S_7])"
218,"(2,1,{0,2,3},{},[S_12,S_1⊕1,S_21,S_2⊕1])"
217,"(0,1,{0},{2},[S_1⊕1,S_3,S_5])"
216,"(3,3,{2},{0,1,2},[S_2,S_2⊕1,S_3])"
215,"(1,1,{0,3},{},[S_21,S_23,S_2⊕1,S_3⊕1,S_4,S_8])"
215,"S_5"
214,"(1,2,{3},{3},[(2,3,{0},{0,1}),(3,3,{2},{0,1,2}),S_15,S_23,S_2⊕1,S_3⊕1,S_5,S_5⊕1])"
213,"(1,0,{1,3},{},[S_1,S_15,S_18,S_23,S_6])"
213,"(3,1,{3},{},[S_12,S_1⊕1,S_2⊕1,S_4,S_7,S_8])"
212,"(1,0,{1},{},[(2,3,{0},{0,1}),S_1,S_12,S_23,S_27,S_3⊕1,S_5⊕1])"
209,"(1,2,{1,3},{},[S_1,S_12,S_21,S_23,S_2⊕1,S_4,S_6,S_8])"
209,"(1,4,{1},{},[S_1,S_12,S_2⊕1,S_9])"
206,"S_2⊕3"
204,"(3,2,{0,1,3},{},[S_1,S_14,S_1⊕1,S_2⊕1,S_8])"
203,"(4,2,{1,3},{},[(2,3,{0},{0,1}),S_1,S_12,S_2,S_27,S_2⊕1])"
200,"(1,4,{0,1},{},[S_1,S_21,S_23,S_7])"
200,"(3,3,{0},{0,1,2},[S_2⊕1,S_3])"
199,"(4,0,{1,3,4},{},[(3,4,{0,1,3},{}),S_1,S_12,S_12⊕2,S_2,S_7,S_7⊕1])"
197,"(1,2,{1,3},{},[S_12,S_18,S_2⊕1,S_3⊕1,S_4,S_5,S_6,S_8])"
197,"(3,4,{1,3},{},[S_1,S_1⊕1,S_2⊕1,S_8,S_9])"
197,"S_6⊕1"
197,"S_7⊕1"
194,"(2,2,{1,3},{},[(3,3,{0},{0,1,2}),S_1,S_12,S_2,S_27,S_2⊕1,S_2⊕2])"
192,"(1,0,{1,3},{},[(3,1,{0,3},{}),(3,3,{2},{0,1,2}),S_1,S_12,S_12⊕2,S_21,S_7])"
192,"(1,0,{1},{},[S_1,S_3⊕1,S_6])"
192,"(3,2,{3},{},[S_1,S_12,S_1⊕1,S_2⊕1,S_5,S_8])"
191,"(1,2,{1,3},{},[S_1,S_12,S_22,S_4])"
190,"(1,2,{3},{},[S_1,S_11,S_12,S_15,S_23,S_2⊕1,S_3⊕1,S_4,S_5])"
190,"(2,0,{1},{},[(1,1,{0},{0,2}),S_1,S_2,S_27,S_2⊕2])"
189,"(3,2,{3},{},[S_1,S_12,S_15,S_1⊕1,S_3⊕1,S_5])"
187,"(3,1,{0,3},{},[S_16,S_1⊕1,S_2⊕1,S_8])"
185,"(1,0,{1,3},{},[(2,3,{0},{0,1}),(3,1,{0,2,3},{}),S_1,S_12,S_12⊕2,S_21,S_7])"
183,"(1,2,{1,3},{},[S_1,S_11,S_12,S_3⊕1,S_5,S_6,S_8])"
182,"(1,2,{0,1,3},{},[S_12,S_18,S_21,S_2⊕1,S_6,S_8])"
181,"(4,2,{3},{0,1,3},[(2,3,{0},{0,1}),(3,3,{2},{0,2}),S_2,S_2⊕1,S_3⊕1])"
181,"S_4"
180,"(3,4,{0,3},{},[S_1,S_18,S_2⊕1,S_3,S_8])"
179,"(1,0,{1,2,3},{},[(3,1,{0,3},{}),(3,1,{0},{0,2}),(3,4,{0,1,3},{}),S_1,S_12⊕2,S_21,S_6])"
179,"(1,2,{1,3},{},[S_1,S_12,S_18,S_2⊕1,S_3⊕1,S_5])"
179,"(1,3,{0,1},{},[S_1,S_2⊕1,S_7])"
179,"(3,1,{0,3},{},[S_13,S_1⊕1,S_2⊕1,S_5,S_8])"
177,"(1,2,{0,1,3},{},[S_12,S_19,S_21,S_6,S_8])"
177,"(2,4,{1,2,3},{},[S_1,S_1⊕1,S_3⊕1,S_6])"
176,"(1,4,{0,1},{},[S_1,S_21,S_23,S_7,S_8])"
176,"(1,4,{3},{0},[(2,2,{0},{1}),(2,3,{0},{0,1}),S_1,S_12,S_2⊕1])"
176,"(3,4,{0,1,3},{},[S_12,S_14,S_1⊕1,S_21,S_2⊕1,S_4,S_6,S_7,S_8])"
175,"(2,0,{1},{},[(3,1,{0},{0,2}),S_1,S_12,S_2,S_27,S_2⊕2])"
174,"(3,2,{1,3},{},[S_1,S_12,S_1⊕1,S_8])"
173,"(3,2,{0},{0,1},[S_2⊕1,S_5])"
172,"(4,0,{1,3,4},{},[(3,3,{2},{0,2}),(3,4,{0,3},{}),S_1,S_12⊕2,S_7,S_7⊕1])"
172,"S_18⊕1"
171,"(3,2,{1,3},{},[S_1,S_1⊕1,S_22,S_2⊕1,S_3⊕1,S_5,S_8])"
170,"(2,4,{1,2,3},{},[S_1,S_12,S_1⊕1,S_2⊕1])"
170,"(3,1,{0,2,3},{},[S_14,S_18,S_1⊕1,S_2⊕1,S_5,S_7])"
169,"(3,4,{0,1,3},{},[S_1,S_12,S_14,S_1⊕1,S_21,S_2⊕1,S_4,S_6,S_7,S_8])"
168,"(1,0,{1,3},{},[S_1,S_15,S_18,S_23,S_6,S_8])"
167,"(1,1,{3},{0,3},[(2,3,{0},{0,1}),(3,2,{0},{0,1}),(3,3,{2},{0,1,2}),(3,3,{2},{0,2}),S_2⊕1,S_3⊕1])"
167,"(3,2,{3},{0},[S_1,S_15,S_1⊕1,S_23,S_3⊕1,S_5])"
167,"(3,2,{3},{},[S_1,S_12,S_15,S_1⊕1,S_3⊕1,S_5,S_8])"
166,"(1,2,{1},{0},[S_1,S_23,S_3⊕1])"
166,"(3,1,{0,3},{},[S_14,S_18,S_1⊕1,S_21,S_23,S_2⊕1,S_7,S_8])"
166,"(3,1,{0,3},{},[S_16,S_1⊕1,S_21,S_2⊕1,S_7,S_8])"
166,"(4,0,{1,4},{},[(1,1,{0},{0,2}),(1,4,{0,1},{}),(3,1,{0,2,3},{}),(3,1,{0,3},{}),S_1,S_12⊕2,S_6])"
165,"(1,0,{1,3},{},[S_1,S_12,S_23,S_6,S_8])"
165,"(1,2,{1,3},{},[S_1,S_12,S_2⊕1,S_8])"
165,"(1,2,{3},{3},[(2,3,{0},{0,1}),(3,3,{0},{0,1,2}),(3,3,{2},{0,1,2}),S_1,S_23,S_2⊕1,S_30,S_3⊕1,S_5⊕1])"
165,"(3,1,{0,3},{},[S_12,S_14,S_1⊕1,S_2⊕1,S_4,S_5])"
163,"(1,4,{3},{2},[(2,3,{0},{0,1}),S_1,S_23,S_2⊕1,S_3⊕1,S_5⊕1])"
162,"(3,4,{0,3},{},[S_1,S_1⊕1,S_5,S_7])"
161,"(1,2,{1,3},{},[S_1,S_12,S_3⊕1,S_5,S_6,S_8])"
160,"(1,4,{1,2},{},[(2,2,{0},{1}),(2,3,{0},{0,1}),S_1,S_12,S_2⊕1,S_3⊕1,S_5⊕1])"
159,"(4,2,{3},{3},[(3,3,{2},{0,2}),S_15,S_2,S_23,S_3⊕1,S_5,S_5⊕1])"
158,"(1,0,{1},{},[S_1,S_3⊕1,S_8])"
158,"(1,4,{3},{},[S_1,S_12,S_2⊕1,S_4,S_9])"
158,"(2,0,{1,2,4},{},[(3,1,{0,2,3},{}),(3,2,{0,3},{}),(3,3,{2},{0,2}),(3,4,{0,1,3},{}),S_1,S_12,S_7⊕1])"
158,"(3,1,{2,3},{},[S_1⊕1,S_22,S_2⊕1,S_4,S_8,S_9])"
157,"(4,2,{1},{0,1,3},[(1,1,{0},{0,2}),(2,3,{0},{0,1}),(3,3,{2},{0,1,2}),S_23])"
156,"(2,2,{3},{0,3},[(3,3,{2},{0,1,2}),(3,3,{2},{0,2}),S_2,S_23,S_2⊕1])"
155,"(3,1,{0},{2},[S_1⊕1,S_2⊕1,S_5])"
152,"(1,0,{1,2},{},[(3,1,{0,3},{}),(3,2,{0,3},{}),(3,4,{0,1,3},{}),(3,4,{0,3},{}),S_1,S_30,S_6])"
152,"(1,2,{1},{},[S_1,S_22,S_2⊕1,S_3⊕1,S_8])"
150,"(1,2,{0,1,3},{},[S_1,S_12,S_14,S_2⊕1])"
150,"(1,2,{0,1,3},{},[S_18,S_21,S_23,S_6])"
150,"(1,2,{1,3},{},[S_12,S_5,S_6])"
150,"(1,4,{1,2,3},{},[S_12,S_2⊕1,S_4,S_6,S_9])"
149,"(1,0,{1},{},[(3,1,{0},{0,2}),(3,2,{0},{0,1}),S_1,S_12,S_23,S_27,S_30,S_3⊕1,S_5⊕1])"
148,"(1,1,{0,3},{},[S_11,S_15,S_2⊕1,S_4,S_5,S_8])"
147,"(1,2,{1,3},{},[S_1,S_12,S_14,S_23,S_2⊕1,S_4,S_6,S_8])"
147,"(1,2,{1,3},{},[S_12,S_18,S_2⊕1,S_6])"
145,"(1,2,{1,3},{},[S_1,S_12,S_19,S_21,S_6,S_8])"
144,"(1,1,{3},{0,3},[(2,3,{0},{0,1}),(3,3,{2},{0,1,2}),S_23,S_2⊕1])"
143,"(1,0,{1,3},{},[(3,1,{0,2,3},{}),(3,1,{0,3},{}),(3,3,{0},{0,1,2}),S_1,S_12,S_12⊕2,S_14,S_21,S_6])"
143,"(3,1,{0,3},{},[S_12,S_14,S_1⊕1,S_5,S_8])"
143,"(4,0,{1,4},{},[(1,4,{0,1,3},{}),(3,1,{0,2,3},{}),S_1,S_12⊕2,S_5⊕1,S_6])"
142,"(3,1,{0,2,3},{},[S_12,S_14,S_1⊕1,S_21,S_2⊕1,S_5,S_7,S_8])"
142,"(3,1,{0,3},{},[S_14,S_16,S_1⊕1,S_21,S_23,S_2⊕1,S_7,S_8])"
141,"(1,0,{1,3},{},[S_1,S_14,S_23,S_6])"
141,"(1,2,{1},{3},[(2,3,{0},{0,1}),(3,1,{0},{0,2}),(3,3,{2},{0,2}),S_1,S_19,S_23,S_3⊕1,S_5⊕1])"
140,"(1,0,{1,3},{},[(3,1,{0,2,3},{}),(3,1,{0,3},{}),(3,3,{0},{0,1,2}),S_1,S_12,S_12⊕2,S_21,S_6])"
140,"S_21"
139,"(1,0,{1},{},[(2,2,{0},{1}),S_1,S_12,S_23,S_27,S_5⊕1,S_6,S_9])"
139,"(2,0,{1},{1},[(1,1,{0},{0,2}),(3,3,{2},{0,1,2}),S_1,S_23,S_30,S_3⊕1,S_5⊕1])"
139,"(3,1,{0,2,3},{},[S_12,S_14,S_1⊕1,S_2⊕1,S_4,S_7])"
137,"(1,4,{1},{},[S_1,S_12,S_19,S_27,S_6,S_9])"
137,"(1,4,{1},{},[S_1,S_15,S_2⊕1,S_9])"
137,"(2,2,{3},{},[S_1,S_11,S_1⊕1,S_2⊕1,S_3⊕1])"
136,"(1,1,{3},{0,3},[(2,3,{0},{0,1}),(3,2,{0},{0,1}),(3,3,{2},{0,2}),S_2⊕1,S_3⊕1])"
136,"(1,2,{0,1,3},{},[S_1,S_12,S_21,S_23,S_6,S_8])"
135,"(1,4,{1},{},[S_1,S_12,S_2⊕1,S_8,S_9])"
135,"(3,1,{0,3},{},[S_12,S_1⊕1,S_21,S_2⊕1,S_8])"
134,"(1,0,{1,3,4},{},[(3,3,{2},{0,2}),(3,4,{0,1,3},{}),(3,4,{0,3},{}),S_1,S_12,S_12⊕2,S_21])"
134,"(3,1,{0,2,3},{},[S_12,S_16,S_1⊕1,S_2⊕1,S_4,S_7])"
134,"(3,2,{3},{},[S_1,S_12,S_1⊕1,S_2⊕1,S_3⊕1,S_5,S_8])"
134,"(3,4,{0,1,3},{},[S_1,S_1⊕1,S_7,S_8])"
133,"(1,0,{1,3},{},[S_1,S_21,S_3⊕1,S_6,S_8])"
133,"S_14"
132,"(1,0,{1},{},[S_1,S_12,S_23,S_3⊕1])"
132,"(1,2,{1},{},[S_1,S_15,S_22,S_23,S_2⊕1,S_8])"
132,"(1,4,{1,3},{},[S_1,S_12,S_14,S_2⊕1,S_4,S_6,S_8,S_9])"
132,"(3,1,{3},{},[S_1⊕1,S_22,S_2⊕1,S_4,S_5,S_8,S_9])"
131,"(3,1,{0,3},{},[S_12,S_13,S_18,S_1⊕1,S_4,S_5])"
131,"(3,3,{0},{0,1,2},[S_2⊕1,S_3,S_5])"
130,"(1,2,{1,3},{},[S_1,S_11,S_12,S_15,S_2⊕1,S_3⊕1])"
130,"(1,4,{3},{},[(2,2,{0},{1}),(2,3,{0},{0,1}),(3,3,{0},{0,1}),S_1,S_12,S_23,S_27,S_2⊕1,S_3⊕1,S_5⊕1])"
130,"(3,1,{0},{2},[S_2⊕1,S_3])"
129,"(1,0,{1,3},{},[(2,3,{0},{0,1}),(3,1,{0,2,3},{}),S_1,S_12,S_12⊕2,S_21,S_5⊕1,S_6])"
129,"(2,3,{1,2},{},[S_1,S_1⊕1,S_2⊕1,S_9])"
129,"(3,2,{0,1,3},{},[S_1,S_14,S_1⊕1,S_2⊕1,S_3⊕1,S_8])"
128,"(1,0,{1},{},[(3,3,{0},{0,1,2}),S_1,S_12,S_23,S_27,S_30,S_3⊕1,S_5⊕1])"
128,"(1,2,{1,3},{},[S_1,S_12,S_14,S_2⊕1,S_3⊕1])"
128,"(1,4,{1},{},[S_1,S_22,S_23,S_2⊕1,S_9])"
127,"(1,0,{1},{},[(2,2,{0},{1}),(3,1,{0,2,3},{}),(3,1,{0,3},{}),(3,3,{0},{0,1,2}),S_1,S_12,S_12⊕2,S_27,S_6,S_9])"
127,"(1,2,{0,1,3},{},[S_12,S_21,S_2⊕1,S_6,S_8])"
127,"(3,2,{3},{0},[S_1,S_15,S_1⊕1,S_3⊕1,S_5])"
126,"(1,0,{1,3},{},[(3,1,{0,2,3},{}),(3,1,{0,3},{}),(3,3,{2},{0,1,2}),S_1,S_12,S_12⊕2,S_18,S_21])"
126,"(1,0,{1,3},{},[S_1,S_12,S_14,S_21,S_23,S_6,S_8])"
126,"(2,1,{0,2,3},{},[S_11,S_12,S_1⊕1,S_21,S_2⊕1,S_7])"
125,"(1,1,{3},{0,3},[(2,3,{0},{0,1}),S_23,S_2⊕1])"
125,"(1,2,{0,1,3},{},[S_1,S_14,S_2⊕1,S_3⊕1])"
125,"(3,1,{3},{},[S_12,S_16,S_1⊕1,S_21,S_23,S_2⊕1,S_5,S_8])"
124,"(1,0,{1,3},{},[(3,1,{0,2,3},{}),(3,1,{0,3},{}),(3,3,{2},{0,1,2}),S_1,S_12,S_12⊕2,S_6])"
124,"(1,4,{1},{},[(2,2,{0},{1}),(3,1,{0},{0,2}),(3,3,{2},{0,2}),S_1,S_12,S_19,S_27,S_30,S_3⊕1,S_5⊕1])"
124,"(3,1,{3},{},[S_12,S_15,S_18,S_1⊕1,S_2⊕1,S_4,S_5,S_8])"
123,"(1,2,{3},{},[S_1,S_12,S_23,S_2⊕1,S_3⊕1,S_5,S_8])"
123,"(3,2,{3},{0},[S_1,S_1⊕1,S_23,S_2⊕1,S_3⊕1,S_5])"
122,"(1,0,{1,2},{},[(3,1,{0,2,3},{}),(3,1,{0,3},{}),(3,2,{0,3},{}),(3,3,{2},{0,2}),(3,4,{0,1,3},{}),S_1,S_12,S_6,S_9])"
122,"(1,0,{1,4},{},[(3,1,{0,2,3},{}),(3,1,{0,3},{}),(3,3,{2},{0,1,2}),S_1,S_12,S_27,S_6,S_9])"
122,"(1,4,{0,1},{},[S_19,S_21,S_7,S_8])"
122,"(1,4,{1,2},{0},[(2,2,{0},{1}),(2,3,{0},{0,1}),(3,1,{0},{0,2}),(3,2,{0},{0,1}),(3,3,{2},{0,2}),S_1,S_12,S_2⊕1])"
122,"(2,1,{0,2,3},{},[S_12,S_1⊕1,S_2⊕1,S_7])"
120,"(2,1,{0,2,3},{},[S_12,S_14,S_1⊕1,S_2⊕1,S_7])"
119,"(1,0,{1,3},{},[(2,3,{0},{0,1}),S_1,S_12,S_12⊕2,S_6,S_7])"
119,"(1,4,{1,3},{},[S_1,S_15,S_16,S_2⊕1,S_9])"
118,"(1,0,{1},{},[(2,3,{0},{0,1}),(3,1,{0,2,3},{}),(3,1,{0,3},{}),(3,3,{2},{0,1,2}),S_1,S_12,S_12⊕2,S_14⊕2])"
118,"(1,0,{1},{},[S_1,S_12,S_23])"
118,"(1,2,{1,3},{},[S_1,S_12,S_23,S_2⊕1,S_3⊕1,S_8])"
118,"(3,1,{0},{0,2},[S_1⊕1,S_2⊕1,S_5])"
118,"(3,4,{0,3},{},[S_1,S_1⊕1,S_5,S_7,S_8])"
117,"(1,4,{1,2},{},[(2,2,{0},{1}),S_1,S_27,S_2⊕1,S_3⊕1])"
116,"(1,0,{1,2,3},{},[(2,3,{0},{0,1}),S_1,S_12,S_12⊕2,S_21,S_7,S_9])"
116,"(3,1,{0,2},{},[S_16,S_1⊕1,S_2⊕1,S_7])"
115,"(1,4,{2,3},{},[S_1,S_12,S_2⊕1,S_3⊕1,S_5])"
115,"(3,4,{1,3},{},[S_1,S_1⊕1,S_2⊕1,S_5,S_8,S_9])"
114,"(1,4,{1,2},{},[S_1,S_12,S_22,S_23,S_2⊕1,S_4,S_8])"
114,"(2,0,{1},{1,3},[(3,1,{0},{0,2}),S_2,S_3⊕1])"
114,"(3,2,{0,3},{},[S_1,S_18,S_1⊕1,S_2⊕1,S_8])"
113,"(1,0,{1,3},{},[(2,3,{0},{0,1}),S_1,S_12,S_12⊕2,S_21])"
113,"(1,0,{1,3},{},[(3,1,{0,2,3},{}),(3,1,{0,2},{}),(3,1,{0,3},{}),(3,3,{0},{0,1,2}),S_1,S_12,S_12⊕2,S_14,S_21,S_6])"
113,"(1,0,{1,3},{},[S_1,S_21,S_3⊕1,S_6])"
113,"(1,0,{1},{},[S_1,S_12,S_23,S_6,S_8])"
113,"(2,2,{1,3},{},[(3,3,{0},{0,1}),S_1,S_12,S_2,S_27,S_2⊕1,S_3⊕1])"
113,"(3,2,{3},{},[S_1,S_1⊕1,S_2⊕1,S_5,S_8])"
112,"(1,0,{1,2,3},{},[(3,1,{0,3},{}),(3,1,{0},{0,2}),S_1,S_12⊕2,S_21,S_6])"
112,"(1,1,{3},{},[S_12,S_2⊕1,S_4,S_9])"
112,"(1,2,{0,1,3},{},[S_12,S_14,S_19,S_21,S_23,S_6,S_8])"
112,"(1,2,{1},{},[S_1,S_12,S_19,S_23,S_3⊕1])"
112,"(1,2,{3},{0},[S_1,S_23,S_3⊕1,S_5])"
112,"(3,1,{0},{0,2},[S_1⊕1,S_2⊕1,S_3,S_5])"
112,"(3,2,{1,3},{},[S_1⊕1,S_3⊕1,S_6,S_8])"
112,"(3,2,{3},{},[S_1,S_15,S_1⊕1,S_5,S_8])"
112,"(4,0,{1,2,3,4},{},[(3,1,{0,2,3},{}),(3,4,{0,1,3},{}),S_1,S_12,S_18,S_18⊕1,S_2,S_8])"
111,"(1,2,{0,1,3},{},[S_12,S_18,S_19,S_21,S_23,S_6,S_8])"
111,"(1,2,{3},{0,3},[(2,3,{0},{0,1}),(3,1,{0},{0,2}),(3,3,{0},{0,1,2}),(3,3,{2},{0,1,2}),S_19,S_2⊕1,S_3⊕1])"
111,"(1,4,{1,3},{},[S_1,S_12,S_4,S_5,S_9])"
111,"(4,0,{1,2,3,4},{},[(3,1,{0,3},{}),(3,4,{0,1,3},{}),S_1,S_12,S_18,S_5⊕1,S_7⊕1,S_8])"
110,"(1,2,{1,3},{},[S_12,S_21,S_2⊕1,S_4,S_6,S_8])"
110,"(4,0,{1,3,4},{},[(3,1,{0,2,3},{}),(3,3,{2},{0,2}),(3,4,{0,3},{}),S_1,S_18,S_18⊕1,S_7⊕1,S_8])"
109,"(1,0,{1,3},{},[S_1,S_23,S_6,S_7])"
109,"(1,1,{3},{0,2},[(2,3,{0},{0,1}),(2,3,{2},{0,1}),S_2⊕1,S_3⊕1])"
109,"(1,4,{0,1,3},{},[S_12,S_18,S_2⊕1,S_4,S_5,S_6,S_7,S_8])"
109,"(1,4,{1,2,3},{},[S_12,S_2⊕1,S_4,S_5,S_6,S_9])"
109,"(1,4,{3},{0,2,3},[(2,3,{0},{0,1}),(3,1,{0},{0,2}),S_19,S_2⊕1,S_3⊕1])"
109,"(3,2,{0,1,3},{},[S_1,S_14,S_1⊕1,S_5,S_8])"
108,"(1,1,{3},{0,2,3},[(2,3,{0},{0,1}),(2,3,{2},{0,1}),(3,3,{0},{0,1,2}),(3,3,{0},{1,2}),(3,3,{2},{0,1,2}),S_23,S_2⊕1,S_3⊕1])"
108,"(3,2,{1,3},{},[S_1,S_12,S_1⊕1,S_5,S_8])"
107,"(1,1,{3},{0},[(2,2,{0},{1}),(2,3,{0},{0,1}),(3,3,{2},{0,1,2}),S_12,S_15,S_2⊕1,S_5])"
107,"(1,2,{3},{0,3},[(3,1,{0},{0,2}),(3,3,{2},{0,1,2}),S_19,S_2⊕1,S_3⊕1])"
107,"(2,1,{2},{0},[S_1⊕1,S_2⊕1,S_3⊕1])"
107,"(3,1,{0,3},{},[S_13,S_16,S_18,S_1⊕1,S_21,S_2⊕1,S_4,S_8])"
107,"(3,2,{0,3},{},[S_1,S_14,S_1⊕1,S_3⊕1,S_5,S_8])"
106,"(1,0,{1,3},{},[(3,3,{2},{0,2}),S_1,S_13,S_23,S_27,S_5⊕1])"
106,"(1,0,{1},{},[(3,1,{0,3},{}),(3,1,{0},{0,2}),(3,2,{0},{0,1}),S_1,S_12,S_14⊕2,S_1⊕3,S_6])"
106,"(1,1,{3},{},[S_12,S_3⊕1,S_4,S_5,S_9])"
106,"(1,2,{0,1,3},{},[S_1,S_12,S_14,S_2⊕1,S_6])"
106,"(1,2,{1},{},[S_1,S_22,S_23,S_2⊕1,S_3⊕1])"
106,"(2,2,{0},{0,1},[S_2⊕1])"
106,"(3,1,{2,3},{},[S_1⊕1,S_2⊕1,S_5,S_8,S_9])"
106,"(3,2,{1,3},{},[S_1,S_1⊕1,S_2⊕1,S_8])"
106,"(3,3,{2},{0,2},[S_2,S_2⊕1,S_3])"
105,"(1,1,{3},{0,2,3},[(2,3,{0},{0,1}),(2,3,{2},{0,1}),(3,3,{0},{0,1,2}),(3,3,{2},{0,1,2}),S_23,S_2⊕1])"
105,"(2,0,{1,2,4},{},[(1,1,{0},{0,2}),(1,4,{0,1},{}),(3,1,{0,2,3},{}),(3,1,{0,3},{}),S_1,S_5⊕1,S_6])"
105,"(3,1,{0,3},{},[S_12,S_14,S_1⊕1,S_21,S_2⊕1,S_4,S_7,S_8])"
105,"(3,1,{0,3},{},[S_18,S_1⊕1,S_5,S_7])"
105,"(3,4,{0,1,3},{},[S_18,S_1⊕1,S_2⊕1,S_4,S_6,S_7,S_8])"
105,"(4,0,{1,2,4},{},[(3,3,{2},{0,2}),(3,4,{0,1,3},{}),S_1,S_12,S_14⊕2,S_1⊕3,S_2,S_31,S_7⊕1])"
105,"(4,2,{3},{0,3},[(3,3,{2},{0,1,2}),(3,3,{2},{0,2}),S_2,S_3⊕1,S_5])"
104,"(1,0,{1,2,3},{},[(2,3,{0},{0,1}),(3,1,{0,2,3},{}),(3,1,{0,2},{}),S_1,S_12,S_12⊕2,S_21,S_5⊕1,S_6,S_9])"
103,"(1,0,{1,3},{},[(3,1,{0,2},{}),(3,1,{0,3},{}),(3,3,{2},{0,1,2}),S_1,S_12,S_12⊕2,S_16,S_18,S_21])"
103,"(1,0,{1,3},{},[S_1,S_14,S_23,S_3⊕1,S_6])"
103,"(1,1,{3},{},[S_12,S_16,S_2⊕1,S_4,S_5,S_7])"
103,"(1,2,{3},{0,3},[(2,3,{0},{0,1}),(3,1,{0},{0,2}),(3,3,{2},{0,1,2}),S_19,S_23,S_2⊕1])"
103,"(2,0,{1},{},[S_1,S_12,S_2,S_27,S_5⊕1])"
103,"S_18"
102,"(1,0,{1,4},{},[(2,3,{0},{0,1}),(3,1,{0,2,3},{}),S_1,S_12,S_12⊕2,S_27,S_6,S_9])"
102,"(1,0,{1},{},[(2,3,{0},{0,1}),(3,1,{0,2,3},{}),(3,1,{0,2},{}),S_1,S_12,S_12⊕2,S_21,S_9])"
102,"(1,1,{3},{0,3},[(2,3,{0},{0,1}),(2,3,{2},{0,1}),(3,3,{2},{0,1,2}),S_2⊕1,S_3⊕1])"
102,"(1,1,{3},{0,3},[(2,3,{0},{0,1}),(3,3,{0},{0,1,2}),(3,3,{2},{0,1,2}),S_23,S_2⊕1,S_3⊕1])"
102,"(1,4,{1,2,3},{},[S_12,S_21,S_2⊕1,S_4,S_5,S_9])"
102,"(1,4,{1,3},{},[S_12,S_16,S_21,S_23,S_2⊕1,S_4,S_6])"
101,"(1,2,{1,3},{},[S_1,S_12,S_23,S_2⊕1,S_3⊕1])"
101,"(1,2,{1,3},{},[S_11,S_12,S_18,S_21,S_2⊕1,S_6,S_8])"
101,"(3,1,{0,2,3},{},[S_12,S_1⊕1,S_21,S_2⊕1,S_4])"
100,"(1,1,{3},{0,2,3},[(2,3,{0},{0,1}),(2,3,{2},{0,1}),(3,3,{0},{0,1,2}),S_23,S_2⊕1,S_3⊕1])"
100,"(1,2,{0,1,3},{},[S_11,S_12,S_18,S_21,S_23,S_6,S_8])"
100,"(1,4,{2},{0,2,3},[(2,3,{0},{0,1}),(3,1,{0},{0,2}),S_2⊕1,S_3⊕1])"
100,"(3,2,{1,3},{},[S_12,S_1⊕1,S_5,S_8])"
100,"(3,4,{0,3},{},[S_1,S_16,S_3,S_5])"
100,"(3,4,{1,3},{},[S_1⊕1,S_22,S_2⊕1,S_5,S_8,S_9])"
99,"(1,0,{1,3},{},[(3,1,{0,2,3},{}),(3,1,{0,3},{}),(3,3,{2},{0,1,2}),S_1,S_12,S_12⊕2,S_14,S_21,S_30,S_6])"
99,"(1,0,{1,3},{},[(3,3,{2},{0,1,2}),S_1,S_12,S_13,S_23,S_27,S_5⊕1])"
99,"(1,1,{3},{0,3},[(2,3,{0},{0,1}),(3,3,{2},{0,1,2}),S_2⊕1,S_3⊕1])"
99,"(1,1,{3},{},[S_12,S_13,S_14,S_16,S_2⊕1,S_4,S_5])"
99,"(1,2,{1,3},{},[S_1,S_12,S_14,S_2⊕1])"
99,"(3,1,{0,3},{},[S_16,S_18,S_1⊕1,S_2⊕1,S_7])"
99,"S_10"
98,"(1,0,{1,3},{},[(2,3,{0},{0,1}),(3,1,{0,2,3},{}),S_1,S_12,S_12⊕2,S_14,S_21,S_7])"
98,"(1,4,{0,1},{},[S_16,S_21,S_23,S_3⊕1,S_5,S_8])"
98,"(2,1,{2},{},[S_1⊕1,S_2⊕1,S_9])"
98,"(2,2,{3},{1,3},[(3,1,{0},{0,2}),(3,3,{2},{0,2}),S_2,S_2⊕1])"
98,"(3,1,{3},{},[S_12,S_14,S_15,S_1⊕1,S_23,S_2⊕1,S_4,S_8])"
98,"(3,4,{2},{2},[S_1,S_1⊕1,S_3,S_3⊕1,S_5])"
98,"(3,4,{3},{2},[S_1,S_15,S_3,S_3⊕1,S_5])"
97,"(0,1,{3},{},[S_15,S_4,S_5,S_8])"
97,"(1,0,{1,3},{},[(2,3,{0},{0,1}),(3,1,{0,2,3},{}),(3,1,{0,3},{}),S_1,S_12,S_14,S_21,S_5⊕1,S_6])"
97,"(3,3,{0},{0,1},[S_1⊕1,S_2⊕1,S_3,S_5])"
96,"(1,0,{1,3},{},[S_1,S_12,S_21,S_23,S_8])"
96,"(1,0,{1},{},[(2,3,{0},{0,1}),S_1,S_12,S_12⊕2,S_14⊕2])"
96,"(1,4,{0,1},{},[S_21,S_2⊕1,S_7,S_8])"
96,"(3,1,{0,2,3},{},[S_14,S_16,S_1⊕1,S_2⊕1,S_5,S_7])"
96,"(3,2,{0,1,3},{},[S_12,S_18,S_1⊕1,S_2⊕1,S_4,S_6,S_8])"
95,"(1,0,{1,2,3},{},[(3,1,{0,2,3},{}),(3,1,{0,3},{}),(3,1,{0},{0,2}),(3,4,{0,3},{}),S_1,S_21,S_6])"
95,"(1,0,{1},{3},[(3,3,{2},{0,2}),S_1,S_23,S_30,S_3⊕1,S_5⊕1])"
95,"(1,1,{3},{0,2,3},[(2,3,{0},{0,1}),(2,3,{2},{0,1}),(3,3,{2},{0,1,2}),S_2⊕1,S_3⊕1])"
95,"(1,4,{3},{0},[(2,2,{0},{1}),(2,3,{0},{0,1}),(3,3,{0},{0,1,2}),(3,3,{2},{0,1,2}),S_1,S_12,S_2⊕1])"
95,"(4,2,{1},{0,1},[(2,3,{0},{0,1}),(3,3,{2},{0,1,2}),S_3⊕1])"
94,"(1,4,{0,1,2,3},{},[S_11,S_12,S_18,S_2⊕1,S_4,S_6,S_8,S_9])"
94,"(1,4,{3},{0,2},[(2,3,{0},{0,1}),(3,3,{0},{0,1}),S_1,S_23,S_2⊕1,S_3⊕1,S_5⊕1])"
94,"(3,2,{1,3},{},[S_1,S_1⊕1,S_6,S_8])"
94,"(4,0,{1,4},{},[(1,1,{0},{0,2}),(1,4,{0,1},{}),(3,1,{0,2,3},{}),(3,1,{0,3},{}),(3,4,{0,1,3},{}),(3,4,{0,3},{}),S_1,S_12⊕2,S_6])"
93,"(1,0,{1,2,3},{},[(2,3,{2},{0,1}),(3,1,{0,2,3},{}),S_1,S_12,S_12⊕2,S_21,S_6])"
93,"(1,0,{1,3},{},[(3,1,{0,3},{}),(3,3,{2},{0,1,2}),S_1,S_12,S_12⊕2,S_21,S_6,S_9])"
93,"(1,2,{0,1,3},{},[S_1,S_14,S_2⊕1,S_6])"
93,"(1,4,{0,1,3},{},[S_1,S_12,S_14,S_2⊕1,S_4,S_6,S_8,S_9])"
93,"(1,4,{1,3},{},[S_1,S_22,S_23,S_2⊕1,S_4,S_8,S_9])"
93,"(1,4,{3},{2,3},[(2,1,{0},{0}),(3,3,{2},{0,2}),S_23,S_2⊕1,S_3⊕1])"
93,"(3,1,{0,2,3},{},[S_16,S_18,S_1⊕1,S_2⊕1,S_7])"
93,"(3,4,{0,2,3},{},[S_1,S_12,S_14,S_1⊕1,S_2⊕1,S_4,S_9])"
93,"(3,4,{1,3},{},[S_1,S_1⊕1,S_5,S_8,S_9])"
92,"(1,0,{1},{},[(2,3,{0},{0,1}),(3,3,{2},{0,1,2}),S_1,S_12,S_22,S_22⊕2,S_7⊕3,S_9])"
92,"(1,2,{3},{},[S_1,S_12,S_23,S_2⊕1,S_3⊕1,S_4,S_8])"
92,"(1,4,{0,1},{},[S_1,S_16,S_21,S_23,S_3⊕1,S_5])"
92,"(1,4,{1,3},{},[S_1,S_12,S_2⊕1,S_4,S_9])"
92,"(1,4,{1,3},{},[S_1,S_15,S_16,S_2⊕1,S_8,S_9])"
92,"(2,2,{1},{0,1,3},[(1,1,{0},{0,2}),(3,3,{0},{0,1,2}),(3,3,{0},{1,2}),(3,3,{2},{0,1,2}),S_3⊕1])"
92,"(3,1,{0,3},{},[S_12,S_18,S_1⊕1,S_2⊕1,S_5,S_7])"
92,"(3,1,{3},{0},[S_15,S_1⊕1,S_3⊕1,S_5])"
92,"(3,1,{3},{},[S_12,S_15,S_16,S_18,S_1⊕1,S_4,S_5])"
92,"(4,2,{1},{0,1,3},[(1,1,{0},{0,2}),(2,3,{0},{0,1}),(3,1,{0},{0,2}),(3,3,{2},{0,1,2}),(3,3,{2},{0,2}),S_19,S_23,S_3⊕1])"
91,"(1,0,{1,2,3},{},[(3,1,{0,2,3},{}),(3,1,{0,2},{}),(3,1,{0,3},{}),(3,3,{2},{0,1,2}),S_1,S_12,S_12⊕2,S_14,S_21,S_30,S_6,S_9])"
91,"(1,0,{1,2,3},{},[(3,1,{0,2,3},{}),(3,1,{0,3},{}),(3,3,{2},{0,1,2}),S_1,S_12,S_12⊕2,S_14,S_21,S_5⊕1,S_6,S_9])"
91,"(1,2,{1,3},{},[S_1,S_12,S_22,S_23,S_2⊕1,S_4,S_8])"
91,"(1,2,{3},{0,3},[(3,1,{0},{0,2}),(3,3,{0},{0,1,2}),(3,3,{2},{0,2}),S_23,S_2⊕1])"
91,"(1,4,{1},{},[S_1,S_15,S_2⊕1,S_8,S_9])"
91,"(3,2,{3},{},[S_1,S_12,S_1⊕1,S_8])"
90,"(2,1,{0,2,3},{},[S_14,S_1⊕1,S_2⊕1,S_7])"
90,"(3,2,{3},{},[S_1,S_1⊕1,S_8])"
89,"(1,2,{1,3},{},[S_12,S_22,S_23,S_2⊕1,S_5,S_8])"
89,"(3,1,{2,3},{},[S_1⊕1,S_22,S_2⊕1,S_5,S_8,S_9])"
88,"(1,0,{1,2,3},{},[(3,1,{0,3},{}),(3,3,{2},{0,1,2}),S_1,S_12,S_12⊕2,S_18,S_21,S_9])"
88,"(1,0,{1,3},{},[(2,2,{0},{1}),(3,1,{0,2,3},{}),(3,3,{2},{0,1,2}),S_1,S_12,S_12⊕2,S_6,S_7,S_9])"
88,"(1,0,{1},{},[(2,2,{0},{1}),(2,3,{0},{0,1}),(3,1,{0,2,3},{}),S_1,S_12,S_12⊕2,S_6,S_9])"
88,"(1,2,{3},{0},[S_1,S_15,S_23,S_2⊕1,S_3⊕1])"
88,"(1,4,{1,3},{},[S_1,S_12,S_19,S_6,S_9])"
88,"(2,4,{1,2,3},{},[S_12,S_1⊕1,S_2⊕1])"
87,"(1,0,{1},{},[S_1,S_12])"
87,"(1,2,{0,1,3},{},[S_12,S_13,S_14,S_18,S_21,S_23,S_2⊕1,S_6,S_8])"
87,"(1,2,{1,3},{},[S_12,S_15,S_18,S_21,S_2⊕1,S_4,S_5,S_6,S_8])"
87,"(2,0,{1,2,4},{},[(3,1,{0,3},{}),(3,2,{0,3},{}),(3,3,{2},{0,2}),(3,4,{0,3},{}),S_1,S_12,S_1⊕3,S_30,S_31])"
87,"(2,0,{2,3},{},[(3,1,{0,3},{}),(3,4,{0,3},{}),S_1,S_21,S_30,S_7⊕1])"
87,"(2,2,{3},{0},[S_1,S_1⊕1,S_23,S_3⊕1])"
87,"(3,1,{0,2,3},{},[S_13,S_14,S_16,S_18,S_1⊕1,S_2⊕1,S_5,S_7])"
87,"(3,1,{0,3},{},[S_1⊕1,S_5,S_7])"
86,"(1,0,{1,2,4},{},[(3,1,{0,3},{}),(3,2,{0,3},{}),(3,3,{2},{0,2}),(3,4,{0,1,3},{}),S_1,S_12,S_18⊕1,S_23,S_3⊕1])"
86,"(1,0,{1,3},{},[(2,3,{0},{0,1}),(3,1,{0,2},{}),S_1,S_12,S_12⊕2,S_21,S_7])"
86,"(1,0,{1},{},[(2,3,{0},{0,1}),(2,3,{2},{0,1}),S_1,S_12,S_12⊕2,S_14⊕2,S_6])"
86,"(1,4,{0,1,3},{},[S_18,S_5,S_6,S_7])"
86,"(2,2,{3},{1,3},[(3,3,{2},{0,2}),S_2,S_2⊕1])"
86,"(4,2,{1},{0,1,3},[(1,1,{0},{0,2}),(2,3,{0},{0,1}),(3,1,{0},{0,2}),(3,3,{2},{0,2}),S_19,S_3⊕1])"
85,"(0,1,{0,3},{},[S_18,S_4,S_5,S_8])"
85,"(1,0,{1,3},{},[(2,3,{0},{0,1}),(3,1,{0,2,3},{}),S_1,S_12,S_12⊕2,S_16,S_18,S_6])"
85,"(1,0,{1},{},[S_1,S_12,S_23,S_27,S_6,S_9])"
85,"(2,0,{1,2,4},{},[(1,1,{0},{0,2}),(1,4,{0,1},{}),(3,1,{0,2,3},{}),(3,1,{0,3},{}),(3,4,{0,3},{}),S_1,S_6])"
85,"(4,0,{1,4},{},[(1,1,{0},{0,2}),(1,4,{0,1},{}),(3,1,{0,3},{}),(3,4,{0,1,3},{}),(3,4,{0,3},{}),S_1,S_12⊕2,S_6])"
84,"(1,0,{1},{},[(2,3,{0},{0,1}),(3,1,{0,2,3},{}),(3,1,{0,3},{}),(3,3,{0},{0,1,2}),S_1,S_12,S_12⊕2,S_14⊕2,S_5⊕1])"
84,"(1,0,{1},{},[(3,1,{0,2,3},{}),(3,1,{0,3},{}),(3,2,{0},{0,1}),(3,4,{0,3},{}),S_1,S_12,S_12⊕2])"
84,"(1,1,{3},{0},[S_15,S_23,S_2⊕1,S_3⊕1])"
84,"(1,2,{1},{},[S_11,S_12,S_22,S_23,S_2⊕1])"
83,"(0,2,{3},{},[(3,3,{2},{0,2}),S_15,S_2,S_27,S_2⊕2,S_4])"
83,"(1,0,{1,4},{},[(2,3,{0},{0,1}),(3,1,{0,2,3},{}),(3,1,{0,3},{}),S_1,S_12,S_27,S_6,S_9])"
83,"(1,2,{3},{0,3},[(2,3,{0},{0,1}),(3,1,{0},{0,2}),(3,3,{2},{0,1,2}),S_23,S_2⊕1,S_3⊕1])"
83,"(1,4,{1,2,3},{},[S_11,S_12,S_16,S_2⊕1,S_4,S_6,S_8,S_9])"
83,"(1,4,{1,3},{},[S_1,S_11,S_12,S_3⊕1,S_5,S_8,S_9])"
83,"(2,0,{1},{},[(1,1,{0},{0,2}),S_1,S_27,S_30,S_3⊕1,S_5⊕1])"
83,"(2,4,{1},{1},[(1,1,{0},{0,2}),(3,2,{0},{0,1}),(3,3,{2},{0,1,2}),(3,3,{2},{0,2}),S_1,S_19,S_23,S_30,S_3⊕1,S_5⊕1])"
83,"(3,3,{0},{0,1},[S_2⊕1,S_3,S_5])"
83,"(4,0,{1,3,4},{},[(3,1,{0,2},{}),(3,3,{2},{0,2}),(3,4,{0,3},{}),S_1,S_16,S_16⊕1,S_7⊕1,S_8])"
83,"(4,0,{1,4},{},[(1,4,{0,1,3},{}),(3,1,{0,2,3},{}),(3,1,{0},{0,2}),(3,4,{0,1,3},{}),S_1,S_12⊕2,S_27,S_5⊕1,S_6])"
83,"S_6"
82,"(1,0,{1,3},{},[(2,3,{0},{0,1}),S_1,S_12,S_12⊕2,S_14,S_14⊕2])"
82,"(1,4,{0,1,3},{},[S_14,S_18,S_2⊕1,S_4,S_6,S_8,S_9])"
82,"(1,4,{1,3},{},[S_1,S_12,S_3⊕1,S_5,S_9])"
82,"(1,4,{2},{2},[(2,1,{0},{0}),S_2⊕1,S_3⊕1])"
82,"(1,4,{3},{2,3},[(2,1,{0},{0}),(3,3,{2},{0,2}),S_23,S_2⊕1,S_3⊕1,S_5⊕1])"
82,"(3,1,{0,3},{},[S_12,S_14,S_15,S_18,S_1⊕1,S_2⊕1,S_5,S_7])"
81,"(1,2,{1},{3},[(3,1,{0},{0,2}),(3,3,{2},{0,1,2}),(3,3,{2},{0,2}),S_1,S_19,S_23,S_30,S_3⊕1,S_5⊕1])"
81,"(1,4,{3},{2},[(2,3,{0},{0,1}),S_15,S_23,S_2⊕1,S_3⊕1,S_5,S_5⊕1])"
81,"(2,0,{1,2,3,4},{},[(3,1,{0,2,3},{}),(3,2,{0,3},{}),(3,3,{2},{0,2}),(3,4,{0,1,3},{}),(3,4,{0,3},{}),S_1,S_12,S_14,S_7⊕1])"
81,"(2,0,{1,2,3,4},{},[(3,1,{0,2,3},{}),(3,3,{2},{0,2}),(3,4,{0,3},{}),S_1,S_14,S_14⊕1,S_18⊕1,S_30,S_7⊕1])"
81,"(2,0,{1,2,3,4},{},[(3,1,{0,2,3},{}),(3,4,{0,1,3},{}),(3,4,{0,3},{}),S_1,S_12,S_14,S_14⊕1,S_2,S_5⊕1])"
81,"(2,2,{1},{0,1,3},[(3,1,{0},{0,2}),(3,3,{0},{0,1,2}),S_2,S_3⊕1])"
81,"S_11"
80,"(1,0,{1,2},{},[(3,1,{0,2,3},{}),(3,1,{0,3},{}),(3,3,{0},{0,1,2}),S_1,S_12,S_27,S_6,S_9])"
80,"(2,0,{1,2,3},{},[(3,1,{0,3},{}),(3,4,{0,1,3},{}),(3,4,{0,3},{}),S_1,S_12,S_14,S_18⊕1,S_2,S_7⊕1])"
80,"(3,1,{0,2,3},{},[S_14,S_16,S_18,S_1⊕1,S_5,S_7])"
80,"(3,2,{0,1,3},{},[S_12,S_18,S_1⊕1,S_2⊕1,S_4,S_5,S_6,S_8])"
80,"(3,2,{1,3},{},[S_1⊕1,S_22,S_2⊕1,S_4,S_5,S_8])"
80,"(4,2,{3},{0,1,3},[(1,1,{0},{0,2}),(2,3,{0},{0,1}),(3,3,{2},{0,1,2}),(3,3,{2},{0,2}),S_19,S_2⊕1,S_3⊕1])"
79,"(1,0,{1,3},{},[S_1,S_6,S_8])"
79,"(1,1,{3},{0,3},[(2,3,{0},{0,1}),(3,3,{0},{0,1,2}),(3,3,{2},{0,2}),S_23,S_2⊕1])"
79,"(1,2,{1},{},[S_1,S_12,S_19,S_6,S_8])"
79,"(1,4,{2},{3},[(3,2,{0},{0,1}),S_1,S_2⊕1,S_30,S_3⊕1,S_5⊕1])"
79,"(2,3,{2},{0,1},[S_2,S_2⊕1,S_3])"
79,"(3,1,{0,3},{},[S_14,S_18,S_1⊕1,S_2⊕1,S_5,S_7])"
79,"(4,2,{3},{0,1,3},[(1,1,{0},{0,2}),(2,3,{0},{0,1}),(3,3,{0},{0,1,2}),(3,3,{2},{0,1,2}),S_23,S_2⊕1])"
78,"(1,0,{1,4},{},[(3,1,{0,2,3},{}),(3,1,{0,3},{}),(3,3,{2},{0,1,2}),S_1,S_12,S_12⊕2,S_27,S_6,S_9])"
78,"(1,2,{1,3},{},[S_12,S_22,S_23,S_2⊕1,S_3⊕1,S_4,S_5,S_8])"
78,"(1,4,{0,1,2,3},{},[S_2⊕1,S_4,S_6,S_7,S_8])"
78,"(1,4,{2},{0},[S_1,S_3⊕1,S_5])"
78,"(2,2,{3},{0,1,3},[(1,1,{0},{0,2}),(3,3,{2},{0,1,2}),S_23,S_2⊕1])"
78,"(2,4,{1,2},{},[S_1,S_1⊕1,S_3⊕1])"
78,"(3,1,{3},{},[S_1⊕1,S_22,S_2⊕1,S_5,S_8,S_9])"
77,"(1,0,{1,2,3},{},[(3,1,{0,2,3},{}),(3,1,{0,3},{}),(3,3,{0},{0,1,2}),S_1,S_12,S_12⊕2,S_14,S_21,S_9])"
77,"(1,0,{1,3},{},[(3,1,{0,2,3},{}),(3,1,{0,3},{}),(3,3,{0},{1,2}),S_1,S_12⊕2,S_6])"
77,"(1,2,{0,1,3},{},[S_12,S_13,S_14,S_18,S_23,S_2⊕1,S_4,S_5,S_6,S_8])"
77,"(1,2,{3},{0,3},[(3,1,{0},{0,2}),(3,3,{0},{0,1,2}),S_19,S_23,S_2⊕1,S_3⊕1])"
77,"(1,2,{3},{0},[S_1,S_23,S_2⊕1])"
77,"(2,0,{1},{},[(1,1,{0},{0,2}),S_1,S_27,S_30,S_3⊕1])"
77,"(2,2,{0},{1},[S_1⊕1,S_2⊕1])"
76,"(1,0,{1},{},[(3,1,{0,2},{}),(3,1,{0,3},{}),(3,1,{0},{0,2}),S_1,S_12,S_12⊕2,S_21,S_6])"
76,"(1,1,{3},{},[S_12,S_2⊕1,S_4,S_7,S_9])"
76,"(1,1,{3},{},[S_12,S_4,S_5,S_9])"
76,"(1,2,{0,1,3},{},[S_12,S_14,S_21,S_23,S_2⊕1,S_6,S_8])"
76,"(1,2,{1,3},{},[(3,3,{0},{1,2}),S_1,S_12,S_27,S_2⊕1,S_2⊕2])"
76,"(1,4,{1,3},{},[S_22,S_2⊕1,S_4,S_5,S_8,S_9])"
76,"(2,0,{1},{1,3},[(1,1,{0},{0,2}),(3,1,{0},{0,2}),S_23])"
76,"(2,2,{3},{0,1,3},[(3,3,{0},{0,1,2}),(3,3,{2},{0,2}),S_2,S_2⊕1,S_3⊕1,S_5⊕1])"
76,"(3,1,{0,3},{},[S_12,S_14,S_18,S_1⊕1,S_2⊕1,S_4,S_5,S_7])"
76,"(3,1,{0,3},{},[S_18,S_1⊕1,S_2⊕1,S_7])"
76,"(3,1,{3},{2},[S_15,S_3,S_3⊕1,S_5])"
75,"(1,0,{1,3},{},[(2,3,{2},{0,1}),S_1,S_12⊕2,S_21,S_6,S_7])"
75,"(1,0,{1,3},{},[(3,1,{0,2,3},{}),(3,1,{0,3},{}),(3,3,{0},{0,1,2}),S_1,S_12,S_12⊕2,S_21,S_5⊕1,S_6])"
75,"(1,0,{1},{},[(3,1,{0,2,3},{}),(3,1,{0,2},{}),(3,1,{0},{0,2}),S_1,S_12⊕2,S_27,S_5⊕1,S_6])"
75,"(1,1,{3},{},[S_12,S_15,S_2⊕1,S_3⊕1,S_4,S_8])"
75,"(1,2,{1},{3},[(2,3,{0},{0,1}),(3,1,{0},{0,2}),S_1,S_12,S_19,S_30,S_5⊕1])"
75,"(1,2,{3},{},[S_1,S_11,S_5,S_8])"
75,"(1,4,{0,1},{},[S_18,S_21,S_2⊕1,S_7,S_8])"
75,"(1,4,{1},{},[S_1,S_12,S_2⊕1,S_6,S_9])"
75,"(2,0,{1,4},{},[(3,1,{0,2},{}),(3,1,{0,3},{}),(3,4,{0,1,3},{}),S_1,S_12,S_2])"
75,"(4,4,{1},{0},[(1,1,{0},{0,2}),(2,2,{0},{1}),(3,3,{2},{0,1,2}),S_1])"
74,"(1,0,{1,3},{},[(3,1,{0,3},{}),(3,3,{0},{1,2}),S_1,S_12⊕2,S_21,S_6])"
74,"(1,0,{1},{},[S_1,S_12,S_27,S_2⊕2,S_30])"
74,"(1,1,{3},{0,3},[(2,3,{0},{0,1}),(3,3,{2},{0,1,2}),S_2⊕1,S_3⊕1,S_5])"
74,"(1,2,{1},{},[S_1,S_12,S_19,S_23,S_6,S_8])"
74,"(1,4,{1,2,3},{},[S_12,S_16,S_21,S_2⊕1,S_4,S_6,S_8,S_9])"
74,"(2,2,{3},{1,3},[(1,1,{0},{0,2}),(3,3,{2},{0,2}),S_2⊕1,S_5⊕1])"
74,"(3,2,{1,3},{},[S_1,S_12,S_14,S_1⊕1,S_2⊕1,S_4,S_6,S_8])"
74,"(3,3,{0},{1,2},[S_2⊕1,S_3])"
74,"S_16⊕1"
73,"(1,0,{1,2,3},{},[(3,1,{0,2,3},{}),(3,1,{0,2},{}),(3,1,{0,3},{}),(3,3,{0},{0,1,2}),S_1,S_12,S_12⊕2,S_21,S_5⊕1,S_6,S_9])"
73,"(1,0,{1,2,3},{},[(3,1,{0,2,3},{}),(3,1,{0,3},{}),(3,3,{0},{0,1,2}),S_1,S_12,S_12⊕2,S_21,S_27,S_5⊕1,S_6,S_9])"
73,"(1,0,{1},{},[(3,1,{0,3},{}),(3,3,{0},{1,2}),(3,3,{2},{0,1,2}),S_1,S_12,S_14⊕2,S_6])"
73,"(1,2,{1,3},{},[S_1,S_12,S_13,S_2⊕1,S_6])"
73,"(1,2,{1},{},[S_1,S_11,S_12,S_19,S_23,S_3⊕1])"
73,"(1,2,{3},{0,3},[(3,3,{0},{0,1,2}),(3,3,{0},{0,1}),(3,3,{2},{0,2}),S_15,S_23,S_5,S_5⊕1])"
73,"(1,4,{2,3},{},[S_1,S_12,S_3⊕1,S_5,S_6,S_8])"
73,"(2,0,{1,2,4},{},[(1,1,{0},{0,2}),(1,4,{0,1,3},{}),(3,1,{0,2,3},{}),(3,1,{0,3},{}),S_1,S_14⊕1,S_27])"
73,"(2,2,{0,1,4},{},[(1,4,{0,1,3},{}),(3,4,{0,1,3},{}),(3,4,{0,3},{}),S_5⊕1,S_6,S_6⊕1])"
73,"(2,3,{1,2,4},{},[(1,4,{0,1,3},{}),(3,4,{0,3},{}),S_18⊕1,S_30,S_6,S_6⊕1])"
73,"(2,4,{2},{0},[S_1,S_1⊕1,S_3⊕1])"
73,"(3,1,{3},{},[S_12,S_1⊕1,S_22,S_23,S_2⊕1,S_4,S_5,S_8,S_9])"
73,"(3,2,{0,1,3},{},[S_12,S_14,S_1⊕1,S_2⊕1,S_4,S_6,S_8])"
72,"(0,0,{1},{1},[(3,3,{2},{0,2}),S_2])"
72,"(1,0,{1,3},{},[(2,3,{0},{0,1}),(3,1,{0,2,3},{}),S_1,S_12,S_12⊕2,S_14,S_5⊕1,S_6])"
72,"(1,0,{1,3},{},[(3,1,{0,2,3},{}),(3,1,{0,3},{}),(3,3,{2},{0,1,2}),S_1,S_12,S_12⊕2,S_14,S_21])"
72,"(1,0,{1},{},[(2,2,{0},{1}),(2,3,{0},{0,1}),(3,1,{0,2,3},{}),(3,1,{0,3},{}),S_1,S_12,S_12⊕2,S_6,S_9])"
72,"(1,0,{1},{},[(3,1,{0,2,3},{}),(3,1,{0,2},{}),(3,1,{0,3},{}),(3,3,{2},{0,1,2}),S_1,S_12,S_14⊕2,S_30,S_5⊕1,S_9,S_9⊕3])"
72,"(1,0,{1},{},[(3,1,{0,3},{}),(3,3,{2},{0,1,2}),S_1,S_12,S_14⊕2])"
72,"(1,0,{1},{},[S_1,S_22,S_23,S_3⊕1])"
72,"(1,2,{1},{},[S_1,S_12,S_19,S_22,S_23,S_2⊕1])"
72,"(1,2,{3},{3},[(2,1,{0},{0}),(3,3,{2},{0,2}),S_23,S_2⊕1,S_3⊕1,S_5⊕1])"
72,"(1,4,{1,3},{},[S_1,S_12,S_19,S_23,S_6,S_9])"
72,"(2,0,{1},{1,3},[(1,1,{0},{0,2}),(3,1,{0},{0,2}),(3,3,{2},{0,1,2}),S_3⊕1])"
72,"(2,3,{0,1,2},{},[(1,4,{0,1},{}),(3,4,{0,1,3},{}),(3,4,{0,3},{}),S_18⊕1,S_2,S_6])"
72,"(3,4,{3},{},[S_1,S_2⊕1,S_3,S_5,S_8])"
72,"(4,0,{1,4},{},[(1,4,{0,1,3},{}),(3,1,{0,2,3},{}),(3,1,{0},{0,2}),(3,4,{0,1,3},{}),S_1,S_12⊕2,S_27,S_6])"
72,"S_24"
71,"(1,0,{1},{},[S_1,S_12,S_23,S_27,S_2⊕2,S_30])"
71,"(1,2,{1,3},{},[S_1,S_12,S_15,S_23,S_2⊕1,S_3⊕1])"
71,"(1,2,{1,3},{},[S_1,S_12,S_23,S_2⊕1,S_3⊕1,S_5,S_8])"
71,"(1,2,{3},{3},[(3,3,{2},{0,1,2}),S_1,S_23,S_2⊕1,S_5⊕1])"
71,"(1,4,{1,3},{},[S_22,S_2⊕1,S_4,S_8,S_9])"
71,"(1,4,{3},{0,3},[(2,3,{0},{0,1}),(3,1,{0},{0,2}),(3,2,{0},{0,1}),(3,3,{0},{0,1,2}),(3,3,{0},{0,1}),(3,3,{2},{0,2}),S_1,S_19,S_23,S_2⊕1,S_3⊕1,S_5⊕1])"
71,"(1,4,{3},{0,3},[(2,3,{0},{0,1}),(3,2,{0},{0,1}),(3,3,{0},{0,1,2}),(3,3,{2},{0,1,2}),(3,3,{2},{0,2}),S_2⊕1,S_30,S_3⊕1])"
71,"(2,0,{1,2},{},[(1,4,{0,1},{}),(3,1,{0,3},{}),(3,2,{0,3},{}),(3,4,{0,3},{}),S_1,S_2])"
71,"(3,2,{0,3},{},[S_1,S_14,S_1⊕1,S_2⊕1,S_8])"
71,"(4,2,{3},{0,3},[(2,3,{0},{0,1}),S_2,S_23,S_2⊕1])"
70,"(1,0,{1,2},{},[(2,3,{0},{0,1}),(3,1,{0,2,3},{}),(3,1,{0},{0,2}),(3,4,{0,1,3},{}),S_1,S_12,S_12⊕2,S_14⊕2,S_27,S_9,S_9⊕3])"
70,"(1,0,{1,3},{},[(2,3,{2},{0,1}),(3,1,{0,2,3},{}),(3,1,{0,2},{}),S_1,S_12⊕2,S_14,S_5⊕1,S_6])"
70,"(1,0,{1},{},[(2,3,{0},{0,1}),(3,1,{0,2},{}),S_1,S_12,S_12⊕2,S_14⊕2,S_5⊕1,S_9,S_9⊕3])"
70,"(1,2,{3},{0,3},[(2,3,{0},{0,1}),(3,1,{0},{0,2}),(3,3,{0},{0,1,2}),(3,3,{2},{0,1,2}),S_23,S_2⊕1,S_2⊕2,S_3⊕1])"
70,"(2,0,{1,2,4},{},[(1,1,{0},{0,2}),(1,4,{0,1,3},{}),(3,1,{0,2,3},{}),(3,1,{0,3},{}),(3,2,{0,3},{}),(3,4,{0,1,3},{}),S_1,S_14⊕1,S_27,S_30])"
70,"(2,0,{1,2,4},{},[(1,1,{0},{0,2}),(1,4,{0,1},{}),(3,1,{0,2,3},{}),(3,1,{0,3},{}),S_1,S_6])"
70,"(2,0,{1,2},{},[(1,4,{0,1,3},{}),(3,1,{0,2,3},{}),(3,1,{0,3},{}),S_1,S_30,S_6])"
70,"(2,4,{1},{1},[(1,1,{0},{0,2}),(3,2,{0},{0,1}),(3,3,{2},{0,2}),S_1,S_19,S_30,S_3⊕1,S_5⊕1])"
70,"(4,2,{1},{0,1,3},[(2,3,{0},{0,1}),(3,3,{0},{0,1,2}),S_2,S_3⊕1])"
70,"(4,2,{3},{},[(2,3,{2},{0,1}),S_12,S_15,S_2,S_27,S_2⊕1,S_4])"
69,"(1,0,{1,3},{},[(2,3,{0},{0,1}),(3,1,{0,2,3},{}),S_1,S_12,S_18,S_21])"
69,"(1,0,{1,3},{},[(3,1,{0,2,3},{}),(3,1,{0,3},{}),(3,1,{0},{0,2}),(3,4,{0,1,3},{}),S_1,S_12,S_12⊕2,S_6])"
69,"(1,0,{1},{},[(2,2,{0},{1}),(2,3,{0},{0,1}),(3,1,{0,2,3},{}),(3,1,{0,3},{}),(3,1,{0},{0,2}),S_1,S_12,S_12⊕2,S_14⊕2,S_6,S_9])"
69,"(1,0,{1},{},[S_1,S_15,S_3⊕1])"
69,"(1,1,{0},{0,2},[S_2⊕1])"
69,"(3,1,{0,3},{},[S_1⊕1,S_2⊕1,S_7,S_8])"
68,"(1,0,{1,3},{},[(2,3,{0},{0,1}),(3,1,{0,2,3},{}),(3,1,{0,3},{}),(3,3,{2},{0,1,2}),S_1,S_12,S_12⊕2,S_14,S_14⊕2])"
68,"(1,0,{1,3},{},[(2,3,{0},{0,1}),S_1,S_12,S_12⊕2,S_14,S_21,S_7])"
68,"(1,0,{1,3},{},[S_1,S_6,S_7])"
68,"(1,0,{1},{3},[(2,3,{0},{0,1}),(2,3,{2},{0,1}),S_1,S_23,S_3⊕1,S_5⊕1])"
68,"(1,0,{1},{3},[(2,3,{2},{0,1}),(3,3,{0},{0,1,2}),(3,3,{0},{1,2}),S_1,S_23,S_30,S_3⊕1,S_5⊕1])"
68,"(1,2,{1,3},{},[S_1,S_12,S_15,S_23,S_2⊕1,S_6])"
68,"(1,4,{0,1,3},{},[S_14,S_2⊕1,S_4,S_6,S_7,S_8])"
68,"(2,0,{1,4},{},[(1,4,{0,1,3},{}),(3,1,{0,2,3},{}),(3,1,{0,3},{}),S_1,S_5⊕1,S_6])"
68,"(2,4,{1},{0,1,3},[(1,1,{0},{0,2}),(3,2,{0},{0,1}),(3,3,{2},{0,1,2}),S_30])"
68,"(3,4,{0,1,3},{},[S_12,S_14,S_18,S_1⊕1,S_21,S_2⊕1,S_4,S_5,S_6,S_7,S_8])"
68,"(4,4,{3},{0},[(2,2,{0},{1}),(3,3,{2},{0,2}),S_1,S_15,S_2,S_5])"
67,"(1,0,{1,2,3},{},[(3,1,{0,2,3},{}),(3,1,{0,3},{}),(3,1,{0},{0,2}),S_1,S_18⊕1,S_21,S_5⊕1,S_6])"
67,"(1,0,{1,3},{},[(3,1,{0,2,3},{}),(3,1,{0,3},{}),(3,3,{2},{0,1,2}),S_1,S_12,S_13,S_6])"
67,"(1,0,{1},{},[(2,2,{0},{1}),(2,3,{0},{0,1}),(3,1,{0,2,3},{}),(3,1,{0,3},{}),S_1,S_12,S_12⊕2,S_27,S_5⊕1,S_6,S_9])"
67,"(1,1,{3},{0,3},[(2,3,{2},{0,1}),(3,3,{2},{0,2}),S_2⊕1,S_3⊕1])"
67,"(1,4,{1},{},[S_22,S_2⊕1,S_9])"
66,"(1,0,{1},{},[(3,1,{0,2,3},{}),(3,1,{0,2},{}),(3,1,{0,3},{}),(3,3,{2},{0,1,2}),S_1,S_12,S_12⊕2,S_6,S_9])"
66,"(1,0,{1},{},[(3,1,{0,2},{}),(3,1,{0,3},{}),(3,1,{0},{0,2}),(3,4,{0,1,3},{}),S_1,S_12,S_12⊕2,S_21,S_6])"
66,"(1,1,{3},{0,3},[(3,3,{0},{1,2}),(3,3,{2},{0,2}),S_23,S_2⊕1,S_3⊕1])"
66,"(1,2,{1,3},{},[S_1,S_12,S_15,S_18,S_2⊕1])"
66,"(1,2,{3},{0,3},[(2,3,{0},{0,1}),(3,3,{0},{0,1}),(3,3,{2},{0,1,2}),S_15,S_23,S_2⊕1,S_3⊕1,S_5,S_5⊕1])"
66,"(2,3,{2},{},[S_1,S_1⊕1,S_2⊕1,S_9])"
66,"(3,1,{0},{0},[S_15,S_1⊕1,S_23,S_2⊕1])"
66,"(3,1,{0},{0},[S_1⊕1,S_5])"
66,"(3,1,{3},{},[S_1⊕1,S_22,S_2⊕1,S_4,S_8,S_9])"
65,"(1,0,{1,2,3},{},[(3,1,{0,3},{}),(3,1,{0},{0,2}),(3,2,{0,3},{}),(3,4,{0,1,3},{}),S_1,S_12⊕2,S_21,S_6])"
65,"(1,0,{1,3},{},[(2,3,{0},{0,1}),(3,1,{0,2,3},{}),(3,3,{0},{0,1}),S_1,S_12,S_12⊕2,S_14,S_21,S_6])"
65,"(1,2,{0,1,3},{},[S_11,S_12,S_19,S_21,S_6,S_8])"
65,"(1,2,{1,3},{},[S_12,S_3⊕1,S_5,S_8])"
65,"(2,2,{1},{0,1},[(3,3,{0},{0,1,2}),(3,3,{0},{0,1}),S_1,S_2,S_3⊕1,S_5⊕1])"
65,"(3,1,{0,3},{},[S_12,S_15,S_1⊕1,S_21,S_2⊕1,S_8])"
65,"(3,1,{3},{},[S_12,S_16,S_1⊕1,S_2⊕1,S_5,S_7])"
64,"(1,0,{1,3},{},[S_1,S_15,S_3⊕1,S_6,S_8])"
64,"(1,4,{1,2,3},{},[S_12,S_21,S_2⊕1,S_4,S_6,S_9])"
64,"(2,0,{1,2,3,4},{},[(3,1,{0,2,3},{}),(3,3,{2},{0,2}),(3,4,{0,1,3},{}),(3,4,{0,3},{}),S_1,S_14,S_14⊕1,S_5⊕1,S_7⊕1])"
64,"(2,0,{1,2,3,4},{},[(3,1,{0,2,3},{}),(3,3,{2},{0,2}),(3,4,{0,3},{}),S_1,S_14,S_14⊕1,S_16⊕1,S_30,S_7⊕1])"
64,"(2,0,{1,2},{},[(1,4,{0,1},{}),(3,1,{0,3},{}),S_1,S_2])"
64,"(2,0,{1},{3},[(3,1,{0},{0,2}),S_1,S_2,S_23,S_30,S_5⊕1])"
64,"(4,0,{1,4},{},[(3,3,{2},{0,2}),(3,4,{0,3},{}),S_1,S_12,S_14⊕2,S_31])"
64,"(4,2,{3},{1,3},[(2,1,{0},{0}),(3,3,{2},{0,2}),S_23,S_2⊕1,S_3⊕1,S_5⊕1])"
63,"(1,2,{0,1,3},{},[S_12,S_14,S_18,S_4,S_5,S_6])"
63,"(1,2,{0,1},{},[S_1,S_11,S_12,S_23,S_6])"
63,"(1,2,{1,3},{},[S_1,S_12,S_15,S_2⊕1])"
63,"(1,4,{0,1},{},[S_16,S_19,S_21,S_4,S_8])"
62,"(1,0,{1,3},{},[(2,3,{0},{0,1}),S_1,S_12,S_12⊕2,S_14,S_21])"
62,"(1,0,{1,3},{},[(3,1,{0,2,3},{}),(3,1,{0,3},{}),(3,3,{2},{0,2}),S_1,S_12,S_12⊕2,S_7])"
62,"(1,0,{1},{},[(0,1,{0,3},{}),(3,1,{0,2,3},{}),(3,1,{0,3},{}),(3,1,{0},{0,2}),S_1,S_12⊕2,S_27,S_5⊕1,S_6])"
62,"(1,2,{1,3},{},[S_1,S_11,S_12,S_22,S_3⊕1,S_5,S_8])"
62,"(2,2,{1},{0,1,3},[(1,1,{0},{0,2}),(3,3,{0},{0,1,2}),(3,3,{0},{1,2}),(3,3,{2},{0,1,2}),S_23])"
62,"(2,3,{1,2},{},[(3,2,{0,3},{}),(3,4,{0,3},{}),S_1,S_18⊕1,S_30,S_6⊕1])"
62,"(3,3,{2},{2},[S_2,S_2⊕1,S_3])"
62,"S_7"
61,"(1,0,{1,3},{},[(2,3,{0},{0,1}),(3,1,{0,2,3},{}),(3,1,{0,2},{}),S_1,S_12,S_12⊕2,S_14,S_21])"
61,"(1,0,{1,3},{},[(3,1,{0,2,3},{}),(3,1,{0,2},{}),(3,1,{0,3},{}),(3,3,{2},{0,1,2}),S_1,S_12,S_13,S_21,S_9])"
61,"(1,0,{1,3},{},[(3,1,{0,2,3},{}),(3,1,{0,3},{}),(3,3,{2},{0,1,2}),S_1,S_12,S_30,S_6])"
61,"(1,0,{1,3},{},[(3,1,{0,3},{}),(3,2,{0},{0,1}),(3,4,{0,3},{}),S_1,S_12,S_12⊕2,S_21,S_9])"
61,"(1,0,{1,3},{},[(3,1,{0,3},{}),(3,3,{2},{0,1,2}),S_1,S_12,S_12⊕2,S_14,S_21,S_7])"
61,"(1,2,{3},{},[S_1,S_12,S_15,S_23,S_2⊕1,S_3⊕1,S_4,S_5,S_8])"
61,"(2,0,{1,2,4},{},[(1,1,{0},{0,2}),(1,4,{0,1},{}),(3,1,{0,2,3},{}),(3,1,{0,3},{}),(3,2,{0,3},{}),(3,4,{0,3},{}),S_1,S_18⊕1,S_5⊕1,S_6])"
61,"(3,2,{1,3},{},[S_1,S_12,S_15,S_1⊕1,S_4,S_8])"
61,"S_26"
60,"(1,0,{1,2},{},[(3,1,{0,3},{}),(3,1,{0},{0,2}),(3,4,{0,1,3},{}),S_1,S_12,S_12⊕2,S_21])"
60,"(1,0,{1,3},{},[(3,1,{0,2,3},{}),(3,1,{0,3},{}),(3,3,{0},{1,2}),S_1,S_30,S_6])"
60,"(1,0,{1},{},[(2,3,{2},{0,1}),(3,1,{0,2,3},{}),(3,1,{0,3},{}),(3,3,{2},{0,1,2}),S_1,S_12,S_12⊕2,S_14⊕2,S_9])"
60,"(1,0,{1},{},[(3,1,{0,3},{}),(3,2,{0},{0,1}),(3,4,{0,3},{}),S_1,S_12,S_12⊕2])"
60,"(1,2,{3},{},[S_1,S_12,S_23,S_2⊕1,S_4,S_8])"
60,"(1,4,{1,2},{},[S_11,S_22,S_23,S_2⊕1,S_4,S_8])"
60,"(2,0,{1,2},{},[(3,1,{0,3},{}),(3,2,{0,3},{}),(3,3,{2},{0,2}),(3,4,{0,1,3},{}),(3,4,{0,3},{}),S_1,S_12,S_14⊕1,S_30])"
60,"(2,2,{3},{3},[(3,1,{0},{0,2}),(3,3,{2},{0,2}),S_2,S_2⊕1])"
60,"(3,2,{1,3},{},[S_1,S_1⊕1,S_3⊕1,S_8])"
60,"(4,0,{1,2,4},{},[(1,1,{0},{0,2}),(1,4,{0,1,3},{}),(3,1,{0,2,3},{}),(3,1,{0,3},{}),S_1,S_14⊕2,S_31,S_5⊕1])"
60,"(4,0,{1,3,4},{},[(3,4,{0,1,3},{}),S_1,S_12,S_12⊕2,S_16,S_2,S_7⊕1,S_8])"
60,"S_17"
59,"(1,0,{1,3},{},[(3,1,{0,2,3},{}),(3,1,{0,3},{}),(3,3,{2},{0,2}),S_1,S_12,S_18,S_8])"
59,"(1,0,{1},{},[(3,1,{0,2,3},{}),(3,1,{0,3},{}),(3,2,{0,3},{}),(3,2,{0},{0,1}),(3,4,{0,3},{}),S_1,S_12,S_12⊕2,S_5⊕1])"
59,"(1,0,{1},{},[S_1,S_11,S_12,S_23,S_3⊕1,S_6])"
59,"(1,2,{0,1,3},{},[S_12,S_13,S_15,S_21,S_23,S_2⊕1,S_6,S_8])"
59,"(1,2,{1},{},[S_1,S_12,S_22,S_23,S_2⊕1])"
59,"(1,4,{0,1,3},{},[S_11,S_12,S_13,S_23,S_6,S_9])"
59,"(1,4,{0,1,3},{},[S_12,S_14,S_23,S_2⊕1,S_4,S_6,S_7,S_8])"
59,"(2,0,{1,2,4},{},[(1,4,{0,1,3},{}),(3,1,{0,2,3},{}),(3,1,{0,3},{}),(3,1,{0},{0,2}),S_1,S_18⊕1,S_27,S_5⊕1,S_6])"
59,"(2,0,{1,2,4},{},[(1,4,{0,1,3},{}),(3,1,{0,2,3},{}),(3,1,{0,3},{}),S_1,S_2])"
59,"(2,0,{1},{1},[(1,1,{0},{0,2}),(3,1,{0},{0,2}),S_1,S_30,S_3⊕1,S_5⊕1])"
59,"(3,1,{0,3},{},[S_12,S_13,S_14,S_15,S_16,S_1⊕1,S_2⊕1,S_5])"
59,"(3,2,{3},{},[S_1,S_1⊕1,S_2⊕1,S_8])"
58,"(1,0,{1,3},{},[(3,1,{0,2,3},{}),(3,1,{0,3},{}),S_1,S_12⊕2,S_14,S_27,S_2⊕2,S_30,S_6])"
58,"(1,0,{1,3},{},[(3,1,{0,3},{}),(3,1,{0},{0,2}),(3,4,{0,1,3},{}),S_1,S_12⊕2,S_21,S_6])"
58,"(1,0,{1},{},[(3,1,{0,2,3},{}),(3,1,{0,2},{}),(3,1,{0,3},{}),(3,3,{0},{0,1,2}),S_1,S_12,S_14⊕2,S_27,S_5⊕1,S_9,S_9⊕3])"
58,"(1,2,{0,1,3},{},[S_11,S_12,S_15,S_23,S_2⊕1,S_6,S_8])"
58,"(1,2,{1,3},{},[S_1,S_12,S_15,S_19,S_23,S_2⊕1,S_6,S_8])"
58,"(1,2,{3},{0,3},[(2,3,{0},{0,1}),(3,3,{0},{0,1,2}),(3,3,{0},{0,1}),(3,3,{2},{0,1,2}),S_1,S_23,S_2⊕1,S_3⊕1,S_5⊕1])"
58,"(1,2,{3},{3},[(2,3,{0},{0,1}),(2,3,{2},{0,1}),(3,1,{0},{0,2}),S_23,S_2⊕1,S_3⊕1])"
58,"(1,2,{3},{3},[(2,3,{2},{0,1}),(3,3,{2},{0,1,2}),S_15,S_23,S_5,S_5⊕1])"
58,"(1,4,{0,1,3},{},[S_12,S_14,S_2⊕1,S_4,S_6,S_8,S_9])"
58,"(1,4,{1,3},{},[S_1,S_12,S_13,S_21,S_23,S_2⊕1,S_6,S_9])"
58,"(2,0,{1,2,4},{},[(3,3,{2},{0,2}),(3,4,{0,1,3},{}),(3,4,{0,3},{}),S_1,S_12,S_16⊕1,S_1⊕3,S_30,S_31,S_5⊕1,S_9⊕3])"
58,"(2,0,{1,4},{},[(1,1,{0},{0,2}),(1,4,{0,1},{}),(3,1,{0,2,3},{}),(3,1,{0,2},{}),(3,1,{0,3},{}),S_1,S_6])"
58,"(2,2,{3},{1,3},[(3,1,{0},{0,2}),(3,3,{2},{0,2}),S_23,S_2⊕1])"
58,"(3,1,{0,3},{},[S_16,S_18,S_1⊕1,S_21,S_2⊕1,S_7,S_8])"
58,"(3,1,{3},{},[S_11,S_1⊕1,S_22,S_2⊕1,S_4,S_5,S_8])"
58,"(3,1,{3},{},[S_11,S_1⊕1,S_2⊕1,S_5,S_8])"
58,"(3,4,{1,3},{},[S_1,S_1⊕1,S_2⊕1,S_4,S_8,S_9])"
58,"(4,0,{1,4},{},[(1,4,{0,1,3},{}),(3,1,{0,2,3},{}),(3,1,{0,3},{}),S_1,S_12⊕2,S_2])"
58,"(4,0,{1,4},{},[(1,4,{0,1,3},{}),(3,1,{0,2,3},{}),(3,3,{0},{0,1}),(3,4,{0,1,3},{}),S_1,S_12,S_12⊕2,S_6])"
57,"(1,0,{1,2,3},{},[(3,1,{0,3},{}),S_1,S_12⊕2,S_21,S_2⊕2,S_6,S_7])"
57,"(1,0,{1,2},{},[(2,3,{0},{0,1}),(3,1,{0,2,3},{}),(3,1,{0,3},{}),S_1,S_12,S_27,S_5⊕1,S_6,S_9])"
57,"(1,0,{1},{},[(0,1,{0,3},{}),(3,1,{0,3},{}),(3,2,{0,3},{}),S_1,S_27,S_30,S_5⊕1])"
57,"(1,0,{1},{},[(3,1,{0,3},{}),(3,3,{0},{0,1,2}),S_1,S_12,S_14⊕2,S_6])"
57,"(1,2,{0,1,3},{},[S_13,S_14,S_18,S_2⊕1,S_6])"
57,"(1,2,{1,3},{},[S_1,S_12,S_14,S_2⊕1,S_8])"
57,"(1,4,{0,1,3},{},[S_1,S_14,S_2⊕1,S_6,S_7])"
57,"(1,4,{0,1,3},{},[S_12,S_19,S_21,S_6,S_7,S_8])"
57,"(1,4,{3},{0,2,3},[(2,3,{0},{0,1}),(3,1,{0},{0,2}),(3,3,{0},{0,1,2}),(3,3,{0},{0,1}),(3,3,{2},{0,2}),S_23,S_2⊕1,S_3⊕1])"
57,"(1,4,{3},{0,3},[(2,3,{0},{0,1}),(2,3,{2},{0,1}),(3,2,{0},{0,1}),(3,3,{0},{0,1,2}),(3,3,{2},{0,2}),S_2⊕1,S_30,S_3⊕1])"
57,"(3,1,{0,3},{},[S_12,S_14,S_18,S_1⊕1,S_2⊕1,S_5,S_7])"
57,"(3,2,{1,3},{},[S_1⊕1,S_22,S_3⊕1,S_5,S_8])"
57,"(3,4,{0,1,3},{},[S_1,S_1⊕1,S_5,S_7,S_8])"
57,"(4,0,{1,4},{},[(1,1,{0},{0,2}),(1,4,{0,1,2,3},{}),(3,4,{0,1,3},{}),(3,4,{0,3},{}),S_1,S_12⊕2,S_27,S_6])"
57,"(4,2,{3},{},[(3,3,{2},{0,2}),S_12,S_15,S_2,S_27,S_2⊕2,S_4])"
57,"(4,4,{1},{0,1,2,3},[(1,1,{0},{0,2}),(2,3,{0},{0,1}),(3,3,{2},{0,2}),S_19,S_3⊕1])"
56,"(1,0,{1,2,3},{},[(3,1,{0,2,3},{}),(3,1,{0,2},{}),(3,1,{0,3},{}),(3,3,{0},{0,1,2}),(3,3,{0},{0,1}),S_1,S_12,S_12⊕2,S_14,S_21,S_27,S_6,S_9])"
56,"(1,0,{1},{},[(2,3,{0},{0,1}),(3,3,{0},{0,1,2}),(3,3,{2},{0,1,2}),S_1,S_12,S_22,S_22⊕2,S_30,S_5⊕1,S_7⊕3,S_9⊕3])"
56,"(1,0,{1},{},[(2,3,{0},{0,1}),S_1,S_12,S_12⊕2,S_14⊕2,S_9])"
56,"(1,0,{1},{},[S_1,S_12,S_23,S_3⊕1,S_8])"
56,"(1,1,{3},{0},[S_15,S_3⊕1,S_5])"
56,"(1,2,{0,1},{},[S_1,S_12,S_2⊕1,S_8])"
56,"(1,2,{1},{3},[(3,1,{0},{0,2}),(3,3,{0},{0,1,2}),(3,3,{2},{0,2}),S_1,S_19,S_23,S_30,S_3⊕1,S_5⊕1])"
56,"(1,2,{3},{},[S_12,S_15,S_27,S_2⊕2,S_4])"
56,"(1,4,{3},{0,2,3},[(2,3,{0},{0,1}),(2,3,{2},{0,1}),(3,1,{0},{0,2}),S_19,S_2⊕1,S_3⊕1])"
56,"(1,4,{3},{2,3},[(2,1,{0},{0}),(3,3,{2},{0,2}),S_19,S_2⊕1,S_3⊕1,S_5⊕1])"
56,"(2,0,{1,2},{},[(1,4,{0,1,3},{}),(3,1,{0,3},{}),S_29,S_5⊕1,S_6])"
56,"(2,2,{3},{3},[(3,1,{0},{0,2}),(3,3,{2},{0,2}),S_2,S_23,S_2⊕1,S_3⊕1])"
56,"(2,4,{0,1,2,3},{},[S_1,S_12,S_14,S_1⊕1,S_7])"
56,"(2,4,{1,2},{},[S_1,S_1⊕1,S_22,S_2⊕1,S_3⊕1])"
56,"(3,2,{0,1,3},{},[S_1,S_14,S_18,S_1⊕1,S_2⊕1,S_6])"
56,"(4,4,{1},{0,1},[(2,3,{0},{0,1}),(3,2,{0},{0,1}),(3,3,{2},{0,1,2}),(3,3,{2},{0,2}),S_3⊕1])"
55,"(1,0,{1,3},{},[(2,3,{0},{0,1}),(3,1,{0,2,3},{}),(3,1,{0,3},{}),(3,3,{0},{0,1,2}),(3,3,{0},{0,1}),S_1,S_12,S_12⊕2,S_14,S_14⊕2,S_6])"
55,"(1,0,{1},{},[(2,2,{0},{1}),(3,1,{0,2,3},{}),(3,1,{0,3},{}),(3,1,{0},{0,2}),(3,3,{0},{0,1,2}),S_1,S_12,S_12⊕2,S_14⊕2,S_27,S_6,S_9])"
55,"(1,0,{1},{},[(3,1,{0,2,3},{}),(3,1,{0,2},{}),(3,1,{0,3},{}),(3,3,{0},{0,1,2}),S_1,S_12,S_21,S_9])"
55,"(1,2,{3},{0,3},[(2,3,{2},{0,1}),(3,1,{0},{0,2}),(3,3,{0},{0,1,2}),(3,3,{0},{1,2}),S_23,S_2⊕1,S_2⊕2,S_3⊕1])"
55,"(1,2,{3},{0,3},[(3,1,{0},{0,2}),(3,3,{0},{1,2}),(3,3,{2},{0,1,2}),S_19,S_23,S_2⊕1])"
55,"(1,2,{3},{},[S_1,S_12,S_3⊕1,S_5,S_6,S_8])"
55,"(1,4,{1,2,3},{},[S_11,S_12,S_2⊕1,S_4,S_6,S_9])"
55,"(2,0,{1,2,4},{},[(1,1,{0},{0,2}),(1,4,{0,1,3},{}),(3,1,{0,2,3},{}),(3,1,{0,3},{}),(3,2,{0,3},{}),(3,4,{0,1,3},{}),(3,4,{0,1},{}),S_1,S_27,S_5⊕1,S_6])"
55,"(2,0,{1,2,4},{},[(1,1,{0},{0,2}),(1,4,{0,1},{}),(3,1,{0,2,3},{}),(3,1,{0,3},{}),(3,2,{0,3},{}),(3,4,{0,3},{}),S_1,S_5⊕1,S_6])"
55,"(2,0,{1,2},{},[S_1,S_1⊕3,S_29,S_31,S_9⊕3])"
55,"(2,0,{1},{1,3},[(1,1,{0},{0,2}),(3,1,{0},{0,2}),(3,3,{2},{0,1,2}),S_23,S_2⊕2,S_3⊕1])"
55,"(2,1,{0,2,3},{},[S_11,S_12,S_1⊕1,S_2⊕1])"
55,"(3,1,{0,3},{},[S_14,S_1⊕1,S_5,S_7,S_8])"
55,"(3,2,{0,1,3},{},[S_12,S_14,S_18,S_1⊕1,S_2⊕1,S_4,S_5,S_6,S_8])"
55,"(3,4,{0,3},{},[S_1,S_18,S_3,S_5,S_8])"
55,"(4,0,{1,4},{},[(1,1,{0},{0,2}),(1,4,{0,1,2,3},{}),(3,1,{0,2,3},{}),(3,4,{0,1,3},{}),(3,4,{0,3},{}),S_1,S_12⊕2,S_27,S_6])"
54,"(1,0,{1,2,3,4},{},[(3,1,{0,3},{}),(3,4,{0,1,3},{}),S_1,S_12,S_13,S_18⊕1,S_5⊕1])"
54,"(1,0,{1,2,3},{},[(2,3,{0},{0,1}),(3,1,{0,2,3},{}),(3,1,{0,2},{}),(3,3,{0},{0,1}),S_1,S_12,S_12⊕2,S_14,S_21,S_6,S_9])"
54,"(1,0,{1,3},{},[S_1,S_12,S_21,S_23,S_6,S_9])"
54,"(1,0,{1,4},{},[(2,3,{0},{0,1}),(3,1,{0,2,3},{}),(3,1,{0,2},{}),S_12,S_12⊕2,S_27,S_6,S_9])"
54,"(1,0,{1,4},{},[(2,3,{0},{0,1}),(3,1,{0,2,3},{}),S_1,S_12,S_12⊕2,S_27,S_9])"
54,"(1,0,{1},{},[(0,1,{0,3},{}),(2,2,{0},{1}),(3,1,{0,2,3},{}),(3,1,{0,3},{}),(3,3,{0},{0,1,2}),S_1,S_12,S_12⊕2,S_27,S_5⊕1,S_6,S_9])"
54,"(1,1,{3},{0,3},[(2,3,{0},{0,1}),(2,3,{2},{0,1}),S_23,S_2⊕1,S_5])"
54,"(1,2,{1,3},{},[S_1,S_12,S_19,S_2⊕1,S_6,S_8])"
54,"(1,2,{1,3},{},[S_12,S_14,S_23,S_2⊕1,S_4,S_6,S_8])"
54,"(1,4,{0,1},{},[S_18,S_2⊕1,S_7])"
54,"(1,4,{1,3},{},[S_12,S_2⊕1,S_4,S_9])"
54,"(2,0,{1,2,3},{},[(3,1,{0,2,3},{}),S_1,S_18⊕1,S_2,S_7⊕1])"
54,"(4,0,{1,3,4},{},[(3,3,{2},{0,2}),(3,4,{0,3},{}),S_1,S_12⊕2,S_18,S_7⊕1,S_8])"
54,"(4,4,{1},{},[(1,1,{0},{0,2}),(2,2,{0},{1}),(3,1,{0},{0,2}),(3,3,{2},{0,2}),S_1,S_19,S_27,S_30,S_3⊕1,S_5⊕1])"
53,"(0,5,{0,1,2},{},[(3,1,{0,3},{}),(3,4,{0,1,3},{}),S_14⊕1,S_18⊕1,S_29,S_5⊕1,S_8])"
53,"(1,0,{1,2,3},{},[(3,1,{0,2,3},{}),(3,1,{0,2},{}),(3,1,{0,3},{}),(3,3,{0},{0,1}),(3,3,{2},{0,1,2}),S_1,S_12,S_12⊕2,S_14,S_21,S_6,S_7,S_9])"
53,"(1,0,{1,2,4},{},[(3,1,{0,2,3},{}),(3,1,{0,3},{}),(3,3,{0},{0,1,2}),S_1,S_12,S_12⊕2,S_27,S_6,S_9])"
53,"(1,0,{1,3},{},[(2,2,{0},{1}),(3,1,{0,2,3},{}),(3,1,{0,3},{}),(3,3,{2},{0,1,2}),S_1,S_12,S_12⊕2,S_15,S_18,S_6,S_9])"
53,"(1,0,{1,3},{},[S_12,S_13,S_23,S_6])"
53,"(1,0,{1},{},[(2,2,{0},{1}),(3,1,{0,2,3},{}),(3,1,{0,3},{}),(3,3,{2},{0,1,2}),S_1,S_12,S_12⊕2,S_14⊕2,S_2⊕2,S_6,S_9])"
53,"(1,0,{1},{},[(3,1,{0,2,3},{}),(3,1,{0,3},{}),(3,3,{0},{0,1,2}),(3,3,{2},{0,1,2}),S_1,S_12,S_14⊕2,S_30])"
53,"(1,2,{1,3},{},[S_1,S_12,S_15,S_18,S_2⊕1,S_8])"
53,"(1,2,{1,3},{},[S_11,S_12,S_22,S_23,S_2⊕1,S_4,S_5,S_8])"
53,"(1,2,{1,3},{},[S_12,S_15,S_18,S_2⊕1,S_5,S_6])"
53,"(1,2,{3},{3},[(2,1,{0},{0}),(3,3,{2},{0,2}),S_19,S_23,S_2⊕1,S_3⊕1,S_5⊕1])"
53,"(1,4,{1,2},{},[S_1,S_12,S_19,S_22,S_23,S_2⊕1,S_4,S_8])"
53,"(1,4,{1,3},{},[S_1,S_22,S_2⊕1,S_4,S_8,S_9])"
53,"(2,2,{3},{0},[S_1,S_1⊕1,S_23,S_2⊕1,S_3⊕1])"
53,"(2,4,{0,1,2,3},{},[S_1,S_14,S_1⊕1,S_7])"
53,"(2,4,{1},{0,1,3},[(1,1,{0},{0,2}),(3,1,{0},{0,2}),(3,2,{0},{0,1}),(3,3,{0},{0,1,2}),(3,3,{0},{0,1}),(3,3,{0},{1,2}),(3,3,{2},{0,1,2}),(3,3,{2},{0,2}),S_30,S_3⊕1])"
53,"(3,4,{0,1},{},[S_16,S_18,S_1⊕1,S_21,S_2⊕1,S_8])"
52,"(1,0,{1,2},{},[(3,3,{2},{0,2}),(3,4,{1,3},{}),S_1,S_12,S_1⊕3,S_22,S_30,S_7⊕3])"
52,"(1,0,{1,3},{},[(2,3,{0},{0,1}),(3,1,{0,2,3},{}),(3,1,{0,3},{}),(3,3,{0},{0,1}),S_1,S_12,S_12⊕2,S_14,S_21,S_6])"
52,"(1,0,{1,4},{},[(2,3,{2},{0,1}),(3,1,{0,2,3},{}),S_1,S_12,S_12⊕2,S_27,S_6])"
52,"(1,0,{1},{3},[(3,1,{0},{0,2}),S_1,S_23,S_30,S_5⊕1])"
52,"(1,1,{3},{0,3},[(2,3,{0},{0,1}),(2,3,{2},{0,1}),(3,2,{0},{0,1}),(3,3,{2},{0,2}),S_2⊕1,S_3⊕1])"
52,"(1,2,{3},{},[S_1,S_12,S_15,S_2⊕1,S_3⊕1,S_5,S_8])"
52,"(1,4,{3},{0,2,3},[(2,3,{0},{0,1}),(3,1,{0},{0,2}),(3,3,{0},{0,1,2}),S_19,S_2⊕1,S_3⊕1])"
52,"(2,0,{1,2,4},{},[(1,1,{0},{0,2}),(1,4,{0,1,3},{}),(3,1,{0,2,3},{}),(3,4,{0,1},{}),S_1,S_27,S_6])"
52,"(2,0,{1,2,4},{},[(1,1,{0},{0,2}),(1,4,{0,1},{}),(3,1,{0,2,3},{}),(3,1,{0,3},{}),S_27,S_6])"
52,"(2,0,{1,2,4},{},[(1,1,{0},{0,2}),(1,4,{1,3},{}),(3,3,{2},{0,1,2}),S_1,S_22,S_30,S_5⊕1,S_7⊕3,S_9⊕3])"
52,"(2,0,{1,2},{},[(1,4,{0,1},{}),(3,1,{0,3},{}),(3,2,{0,3},{}),S_1,S_2])"
52,"(3,1,{0,2,3},{},[S_12,S_14,S_1⊕1,S_2⊕1,S_4,S_9])"
52,"(4,4,{1},{0,1},[(2,3,{0},{0,1}),(3,2,{0},{0,1}),(3,3,{2},{0,2}),S_3⊕1])"
51,"(1,0,{1},{},[S_1,S_15,S_23])"
51,"(1,4,{1,3},{},[S_11,S_12,S_13,S_2⊕1,S_6,S_9])"
51,"(1,4,{1,3},{},[S_12,S_2⊕1,S_4,S_6,S_7,S_8])"
51,"(2,2,{3},{0,3},[(3,3,{0},{0,1,2}),(3,3,{2},{0,2}),S_2,S_23,S_2⊕1,S_5⊕1])"
51,"(2,2,{3},{3},[(3,1,{0},{0,2}),S_2,S_2⊕1,S_2⊕2])"
51,"(2,3,{0,1,2},{},[(1,4,{0,1,3},{}),(3,4,{0,1,3},{}),S_1,S_14⊕1,S_18⊕1,S_1⊕1,S_2])"
51,"(3,4,{0,1},{},[S_16,S_1⊕1,S_21,S_2⊕1,S_8])"
51,"(4,0,{1,2,3,4},{},[(3,3,{2},{0,2}),(3,4,{0,1,3},{}),(3,4,{0,3},{}),S_1,S_12,S_14,S_14⊕1,S_14⊕2,S_1⊕3,S_2,S_31,S_7⊕1])"
50,"(1,0,{1,2,3},{},[(3,1,{0,3},{}),(3,3,{0},{0,1,2}),(3,4,{0,1,3},{}),S_1,S_12,S_12⊕2,S_14,S_21,S_6])"
50,"(1,0,{1,3},{},[(2,2,{0},{1}),(3,1,{0,2,3},{}),(3,1,{0,3},{}),(3,3,{2},{0,1,2}),S_1,S_12,S_12⊕2,S_14,S_27,S_30,S_6,S_9])"
50,"(1,0,{1},{},[(3,1,{0,2,3},{}),(3,1,{0,2},{}),(3,1,{0,3},{}),(3,1,{0},{0,2}),(3,4,{0,3},{}),S_1,S_12⊕2,S_5⊕1,S_6])"
50,"(1,0,{1},{},[(3,1,{0,2,3},{}),(3,1,{0,3},{}),(3,1,{0},{0,2}),(3,4,{0,1,3},{}),S_1,S_12⊕2,S_27,S_5⊕1,S_6])"
50,"(1,2,{3},{0,3},[(2,3,{0},{0,1}),(3,1,{0},{0,2}),(3,3,{0},{0,1,2}),(3,3,{2},{0,1,2}),S_23,S_2⊕1,S_3⊕1])"
50,"(2,0,{1,2,4},{},[(1,4,{0,1,3},{}),(3,1,{0,2,3},{}),(3,1,{0,3},{}),S_1,S_18⊕1,S_2,S_5⊕1])"
50,"(2,0,{1,2,4},{},[(1,4,{0,1,3},{}),(3,1,{0,2,3},{}),(3,1,{0,3},{}),S_1,S_18⊕1,S_27,S_5⊕1,S_6])"
50,"(2,0,{1,2,4},{},[(3,1,{0,2,3},{}),(3,2,{0,3},{}),(3,4,{0,1,3},{}),(3,4,{0,3},{}),S_1,S_14⊕1,S_30,S_6])"
50,"(2,0,{1,2},{},[(1,4,{0,1,3},{}),(3,1,{0,2,3},{}),(3,1,{0,3},{}),S_1,S_18⊕1,S_5⊕1,S_6])"
50,"(2,0,{1},{1},[(1,1,{0},{0,2}),(3,3,{0},{1,2}),S_1,S_30,S_3⊕1,S_5⊕1])"
50,"(4,0,{1,2,4},{},[(1,1,{3},{}),(2,3,{0},{0,1}),(3,1,{0,2,3},{}),(3,1,{0,2},{}),S_1,S_12⊕2,S_14⊕2,S_27,S_5⊕1,S_6,S_9])"
50,"(4,0,{1,2,4},{},[(3,1,{0,3},{}),(3,3,{2},{0,2}),(3,4,{0,1,3},{}),S_1,S_12,S_15,S_18⊕1,S_1⊕3,S_31,S_5⊕1,S_8])"
50,"(4,2,{1},{1,3},[(1,1,{0},{0,2}),(2,3,{0},{0,1}),(3,1,{0},{0,2}),(3,3,{2},{0,2}),S_1,S_19,S_30,S_3⊕1,S_5⊕1])"
49,"(0,0,{1,2},{},[(1,4,{0,1,3},{}),S_18⊕1,S_27,S_29,S_31,S_5⊕1])"
49,"(1,0,{1,2},{},[(3,1,{0,2,3},{}),(3,1,{0,3},{}),(3,2,{0,3},{}),(3,2,{0},{0,1}),S_1,S_12,S_21,S_5⊕1,S_9])"
49,"(1,0,{1,3},{},[(3,1,{0,2,3},{}),(3,1,{0,3},{}),(3,1,{0},{0,2}),(3,4,{0,3},{}),S_1,S_6])"
49,"(1,0,{1,3},{},[(3,1,{0,2,3},{}),(3,1,{0,3},{}),(3,3,{2},{0,2}),S_1,S_12,S_14,S_30])"
49,"(1,0,{1,3},{},[S_12,S_23,S_6])"
49,"(1,0,{1},{},[(2,3,{0},{0,1}),(3,3,{0},{1,2}),(3,3,{2},{0,1,2}),S_1,S_12,S_22,S_22⊕2,S_7⊕3])"
49,"(1,0,{1},{},[(3,1,{0,3},{}),(3,2,{0,3},{}),S_1,S_1⊕3,S_30])"
49,"(1,2,{1,3},{},[S_1,S_12,S_18,S_23,S_3⊕1,S_5,S_6])"
49,"(1,4,{0,1,3},{},[S_12,S_14,S_18,S_2⊕1,S_4,S_5,S_6,S_8,S_9])"
49,"(1,4,{1,3},{},[S_1,S_12,S_21,S_23,S_2⊕1,S_6,S_9])"
49,"(2,0,{1,2,3},{},[(1,4,{0,1,3},{}),(3,1,{0,2,3},{}),(3,3,{2},{0,2}),S_1⊕3,S_6,S_7])"
49,"(2,0,{1,4},{},[(1,4,{0,1,3},{}),(3,1,{0,2,3},{}),S_1,S_14⊕1,S_27,S_5⊕1])"
49,"(2,2,{3},{0,1,3},[(1,1,{0},{0,2}),(3,1,{0},{0,2}),(3,3,{2},{0,1,2}),(3,3,{2},{0,2}),S_19,S_23,S_2⊕1,S_3⊕1])"
49,"(2,4,{1,2,3},{},[S_1,S_12,S_1⊕1,S_6,S_7])"
49,"(3,1,{3},{},[S_12,S_18,S_1⊕1,S_4,S_5,S_9])"
49,"(3,2,{1,3},{},[S_1,S_1⊕1,S_22,S_3⊕1,S_5,S_8])"
49,"(3,2,{3},{0},[S_1,S_1⊕1,S_23,S_3⊕1,S_5])"
49,"(3,2,{3},{},[S_1,S_12,S_15,S_1⊕1,S_8])"
49,"(3,4,{0,1,3},{},[S_14,S_18,S_1⊕1,S_5,S_6,S_7])"
49,"(3,4,{3},{},[S_1,S_1⊕1,S_22,S_2⊕1,S_4,S_8,S_9])"
49,"(3,4,{3},{},[S_1,S_3,S_5,S_8])"
49,"(4,0,{1,4},{},[(1,1,{0},{0,2}),(1,4,{1,3},{}),(2,3,{0},{0,1}),S_1,S_22,S_22⊕2,S_5⊕1,S_7⊕3])"
49,"(4,4,{3},{0,3},[(2,2,{0},{0,1}),(3,3,{0},{0,1,2}),(3,3,{2},{0,2}),S_2,S_2⊕1])"
48,"(1,0,{1,2},{},[(2,2,{0},{1}),(3,1,{0,2,3},{}),(3,1,{0,3},{}),(3,1,{0},{0,2}),(3,4,{0,1,3},{}),S_1,S_12,S_12⊕2,S_27,S_6,S_9])"
48,"(1,0,{1,3},{},[S_12,S_14,S_23,S_6,S_8])"
48,"(1,0,{1},{},[(3,1,{0,2,3},{}),(3,1,{0,2},{}),(3,1,{0,3},{}),(3,1,{0},{0,2}),S_1,S_14⊕2,S_27,S_5⊕1,S_9⊕3])"
48,"(1,0,{1},{},[(3,1,{0,2,3},{}),(3,1,{0,3},{}),(3,2,{0,3},{}),(3,2,{0},{0,1}),(3,4,{0,1,3},{}),S_1,S_12,S_12⊕2,S_30,S_6,S_9])"
48,"(1,1,{3},{0,3},[(2,3,{0},{0,1}),(3,3,{0},{0,1,2}),(3,3,{0},{1,2}),(3,3,{2},{0,1,2}),S_23,S_2⊕1,S_3⊕1])"
48,"(1,2,{0,1,3},{},[S_13,S_14,S_18,S_5,S_6])"
48,"(1,4,{2},{0,2},[(2,2,{0},{0,1}),(2,3,{0},{0,1}),(3,3,{0},{0,1}),S_1,S_2⊕1,S_3⊕1])"
48,"(2,0,{1,2},{},[(1,1,{0},{0,2}),(1,4,{0,1},{}),(3,1,{0,3},{}),(3,2,{0,3},{}),S_1,S_14⊕1,S_1⊕3,S_2,S_27,S_30,S_31,S_9⊕3])"
48,"(3,1,{0,3},{},[S_16,S_1⊕1,S_3,S_5,S_7])"
48,"(3,1,{0,3},{},[S_18,S_1⊕1,S_2⊕1,S_3,S_7])"
48,"(3,1,{2,3},{},[S_1⊕1,S_2⊕1,S_8,S_9])"
48,"(3,2,{0,1,3},{},[S_1,S_14,S_18,S_1⊕1,S_2⊕1])"
48,"(4,0,{1,2,3,4},{},[(3,1,{0,2,3},{}),(3,4,{0,1,3},{}),S_1,S_12,S_18,S_18⊕1,S_2,S_7⊕1,S_8])"
47,"(1,0,{1,2},{},[(3,1,{0,3},{}),(3,1,{0},{0,2}),(3,2,{0,3},{}),(3,4,{0,3},{}),S_1,S_12⊕2,S_21,S_6])"
47,"(1,0,{1,3},{},[(2,3,{0},{0,1}),(3,1,{0,2},{}),S_1,S_12,S_12⊕2,S_14,S_21,S_7])"
47,"(1,0,{1},{},[(3,1,{0,2,3},{}),(3,1,{0,3},{}),(3,3,{2},{0,1,2}),S_1,S_12,S_27,S_9])"
47,"(1,2,{1,3},{},[S_1,S_12,S_18,S_23,S_3⊕1,S_5])"
47,"(1,3,{0,1},{},[S_1,S_2⊕1,S_6,S_7])"
47,"(1,4,{0,1,2,3},{},[S_1,S_14,S_4,S_7,S_9])"
47,"(1,4,{2,3},{},[S_1,S_12,S_5,S_9])"
47,"(2,0,{1,2,4},{},[(1,4,{0,1,3},{}),(3,1,{0,2,3},{}),(3,1,{0,3},{}),(3,1,{0},{0,2}),(3,4,{0,1,3},{}),S_1,S_27,S_30,S_6])"
47,"(2,0,{1,4},{},[(1,4,{0,1,3},{}),(3,1,{0,2,3},{}),(3,1,{0,3},{}),(3,1,{0},{0,2}),(3,4,{0,3},{}),S_1,S_27,S_5⊕1,S_6])"
47,"(2,4,{0,2,3},{},[S_1,S_12,S_14,S_1⊕1,S_2⊕1,S_7])"
47,"(2,4,{2,3},{},[S_1,S_12,S_1⊕1,S_22,S_2⊕1])"
47,"(3,4,{0,1,2,3},{},[S_16,S_1⊕1,S_2⊕1,S_4,S_6,S_7,S_8])"
46,"(0,0,{1},{1},[S_2,S_2⊕2])"
46,"(1,0,{1,3},{},[(2,3,{2},{0,1}),(3,1,{0,2},{}),S_1,S_12⊕2,S_16,S_21,S_6])"
46,"(1,0,{1},{},[(2,3,{0},{0,1}),(3,3,{2},{0,1,2}),S_1,S_12,S_22,S_22⊕2,S_7⊕3,S_8])"
46,"(1,0,{1},{},[S_1,S_12,S_23,S_3⊕1,S_6])"
46,"(1,0,{1},{},[S_1,S_12,S_27,S_2⊕2,S_30,S_3⊕1])"
46,"(1,1,{0},{0,3},[(2,3,{2},{0,1}),(3,3,{2},{0,1,2}),S_23,S_2⊕1])"
46,"(1,1,{2},{0,2},[(2,2,{0},{0,1}),(2,3,{0},{0,1}),S_2⊕1,S_3⊕1])"
46,"(1,2,{3},{3},[(3,1,{0},{0,2}),S_15,S_23,S_2⊕2,S_5,S_5⊕1])"
46,"(1,4,{1,3},{},[S_12,S_22,S_23,S_3⊕1,S_5,S_8,S_9])"
46,"(2,0,{1,2,4},{},[(0,1,{0,3},{}),(1,4,{0,1,3},{}),(1,4,{0,1},{}),(3,1,{0,2,3},{}),(3,1,{0,3},{}),(3,4,{0,1},{}),S_1,S_14⊕1,S_2,S_5⊕1])"
46,"(2,0,{1,2},{},[(1,1,{0},{0,2}),(1,4,{0,1,3},{}),(3,1,{0,3},{}),(3,2,{0,3},{}),(3,4,{0,3},{}),S_1,S_14⊕1,S_27,S_30])"
46,"(2,2,{3},{0,1,3},[(3,3,{0},{0,1,2}),(3,3,{2},{0,1,2}),S_2,S_2⊕1,S_3⊕1])"
46,"(2,4,{1},{0,1,3},[(1,1,{0},{0,2}),(3,1,{0},{0,2}),(3,2,{0},{0,1}),(3,3,{0},{0,1,2}),(3,3,{0},{0,1}),(3,3,{2},{0,2}),S_30,S_3⊕1])"
46,"(2,5,{0,2},{},[(1,4,{1,3},{}),(3,3,{2},{0,2}),(3,4,{1,3},{}),(3,4,{3},{}),S_2,S_22,S_22⊕1,S_29,S_30,S_5⊕1])"
46,"(3,1,{0,3},{},[S_12,S_14,S_18,S_1⊕1,S_2⊕1,S_7])"
46,"(3,1,{3},{},[S_12,S_16,S_18,S_1⊕1,S_5])"
46,"(3,2,{3},{},[S_1,S_12,S_15,S_1⊕1])"
46,"(3,4,{0,3},{},[S_1,S_14,S_1⊕1,S_4,S_7,S_8])"
46,"(3,4,{0,3},{},[S_1,S_14,S_1⊕1,S_7,S_8])"
46,"(4,0,{1},{1},[(2,1,{0},{0}),S_3⊕1,S_5⊕1])"
46,"(4,2,{3},{1,3},[(2,1,{0},{0}),(3,3,{2},{0,2}),S_2,S_23,S_2⊕1,S_3⊕1])"
45,"(1,0,{1,2},{},[(3,1,{0,3},{}),(3,2,{0,3},{}),(3,3,{2},{0,2}),(3,4,{0,1,3},{}),S_1,S_12])"
45,"(1,0,{1},{3},[(2,3,{2},{0,1}),(3,1,{0},{0,2}),(3,2,{0},{0,1}),(3,3,{0},{0,1}),S_1,S_23,S_30,S_3⊕1,S_5⊕1])"
45,"(1,0,{1},{},[(0,1,{0,3},{}),(3,1,{0,2,3},{}),(3,1,{0,3},{}),(3,1,{0},{0,2}),S_1,S_14⊕2,S_27,S_5⊕1,S_9⊕3])"
45,"(1,0,{1},{},[(2,3,{0},{0,1}),(3,1,{0,2,3},{}),(3,1,{0,2},{}),(3,1,{0,3},{}),(3,3,{0},{0,1}),S_1,S_12,S_12⊕2,S_14⊕2,S_9,S_9⊕3])"
45,"(1,1,{0,3},{},[S_12,S_14,S_2⊕1,S_4,S_9])"
45,"(1,1,{0,3},{},[S_13,S_2⊕1,S_5,S_8])"
45,"(1,1,{2},{0,2,3},[(2,2,{0},{0,1}),(2,3,{0},{0,1}),(3,3,{0},{0,1,2}),S_2⊕1,S_3⊕1])"
45,"(1,1,{3},{0,3},[(3,3,{0},{0,1,2}),(3,3,{2},{0,1,2}),(3,3,{2},{0,2}),S_23,S_5])"
45,"(1,2,{1,3},{},[S_1,S_12,S_15,S_4])"
45,"(1,2,{3},{0},[S_1,S_15,S_23,S_2⊕1,S_3⊕1,S_5])"
45,"(1,2,{3},{3},[(2,3,{2},{0,1}),(3,1,{0},{0,2}),(3,3,{2},{0,1,2}),S_23,S_2⊕1])"
45,"(1,4,{0,3},{},[S_13,S_16,S_18,S_2⊕1,S_4,S_6,S_8])"
45,"(1,4,{1,3},{},[S_12,S_19,S_23,S_6,S_9])"
45,"(2,0,{1,2,4},{},[(1,4,{0,1,3},{}),(3,1,{0,2,3},{}),(3,1,{0,3},{}),S_1,S_27,S_31,S_5⊕1])"
45,"(2,0,{1},{1},[S_1,S_2,S_3⊕1,S_5⊕1])"
45,"(2,2,{1},{0,1},[(1,1,{0},{0,2}),(3,3,{0},{0,1}),S_1,S_2,S_3⊕1,S_5⊕1])"
45,"(4,2,{1},{0,1,3},[(1,1,{0},{0,2}),(2,3,{0},{0,1}),(3,1,{0},{0,2}),(3,3,{0},{0,1,2}),(3,3,{2},{0,2}),S_19,S_30,S_3⊕1])"
45,"S_16"
44,"(1,0,{1,3,4},{},[(2,3,{0},{0,1}),(3,1,{0,2,3},{}),S_1,S_12,S_12⊕2,S_14,S_27,S_6,S_9])"
44,"(1,0,{1,3},{},[(2,3,{0},{0,1}),(3,1,{0,2,3},{}),(3,1,{0,3},{}),S_1,S_12,S_21,S_27,S_5⊕1,S_6])"
44,"(1,0,{1,4},{},[(3,1,{0,2,3},{}),(3,1,{0,3},{}),(3,3,{0},{1,2}),S_1,S_27,S_6])"
44,"(1,0,{1,4},{},[(3,3,{2},{0,2}),(3,4,{0,1,3},{}),S_1,S_12,S_14⊕2,S_1⊕3])"
44,"(1,2,{1,3},{},[S_1,S_12,S_19,S_21,S_23,S_6,S_8])"
44,"(1,2,{1},{3},[(3,1,{0},{0,2}),(3,3,{2},{0,1,2}),S_1,S_12,S_19,S_23,S_30])"
44,"(1,2,{3},{},[S_1,S_11,S_12,S_23,S_2⊕1])"
44,"(1,2,{3},{},[S_1,S_11,S_12,S_4,S_5,S_8])"
44,"(1,4,{1,2},{},[S_1,S_2⊕1,S_4,S_8,S_9])"
44,"(3,1,{0,2,3},{},[S_12,S_14,S_1⊕1,S_2⊕1,S_4,S_7,S_9])"
44,"(3,2,{0,1,3},{},[S_18,S_1⊕1,S_5,S_6])"
44,"(3,2,{3},{},[S_12,S_15,S_18,S_1⊕1,S_2⊕1,S_4,S_6,S_8])"
44,"(4,0,{1,3,4},{},[(3,1,{0,2,3},{}),(3,1,{0,3},{}),(3,3,{2},{0,2}),(3,4,{0,3},{}),S_1,S_12,S_14,S_14⊕1,S_14⊕2,S_6])"
44,"S_15⊕1"
43,"(1,0,{1,2,3},{},[(2,2,{0},{0,1}),(3,1,{0,2,3},{}),S_1,S_12⊕2,S_14,S_7])"
43,"(1,0,{1,2,3},{},[(3,1,{0,2,3},{}),(3,1,{0,3},{}),(3,3,{0},{0,1,2}),(3,4,{0,1,3},{}),S_1,S_12,S_12⊕2,S_14,S_21,S_6])"
43,"(1,0,{1,3},{},[(2,3,{0},{0,1}),(3,1,{0,2},{}),S_1,S_12,S_12⊕2,S_21])"
43,"(1,0,{1},{},[(3,1,{0,2,3},{}),(3,1,{0,3},{}),(3,1,{0},{0,2}),(3,3,{2},{0,1,2}),(3,4,{0,3},{}),S_1,S_12,S_27,S_9,S_9⊕3])"
43,"(1,0,{1},{},[(3,1,{0,2,3},{}),(3,1,{0,3},{}),(3,2,{0,3},{}),(3,2,{0},{0,1}),(3,4,{0,3},{}),S_1,S_12,S_5⊕1])"
43,"(1,2,{1,3},{},[S_1,S_12,S_23,S_3⊕1,S_5,S_8])"
43,"(1,2,{1,3},{},[S_12,S_21,S_23,S_2⊕1,S_6,S_8])"
43,"(1,2,{1},{},[(3,3,{0},{0,1,2}),(3,3,{0},{0,1}),(3,3,{2},{0,2}),S_1,S_12,S_19,S_23,S_27,S_30,S_3⊕1,S_5⊕1])"
43,"(1,2,{3},{3},[(2,3,{0},{0,1}),(3,1,{0},{0,2}),(3,3,{2},{0,2}),S_19,S_2⊕1,S_3⊕1])"
43,"(1,4,{2},{0,2,3},[(2,3,{0},{0,1}),(3,1,{0},{0,2}),(3,3,{0},{0,1,2}),S_2⊕1,S_3⊕1])"
43,"(1,4,{3},{2,3},[(2,1,{0},{0}),(3,3,{2},{0,2}),S_2⊕1,S_3⊕1])"
43,"(2,0,{1,2,3},{},[(3,1,{0,2,3},{}),(3,3,{2},{0,2}),S_14,S_14⊕1,S_1⊕3,S_6,S_9⊕3])"
43,"(2,0,{1,2},{},[(1,4,{0,1,3},{}),(3,1,{0,2,3},{}),(3,1,{0,3},{}),(3,2,{0,3},{}),S_1,S_14⊕1,S_5⊕1])"
43,"(3,1,{0,3},{},[S_13,S_14,S_18,S_1⊕1,S_2⊕1,S_5,S_7])"
43,"(3,2,{0},{0,1},[S_1⊕1,S_2⊕1,S_5])"
43,"(3,2,{1},{0,1},[(1,1,{0},{0,2}),(2,3,{0},{0,1}),S_2,S_3⊕1])"
43,"(4,0,{1,2,4},{},[(1,1,{0},{0,2}),(1,4,{0,1},{}),(3,1,{0,3},{}),S_1,S_14⊕2,S_1⊕3,S_6])"
43,"(4,0,{1,2,4},{},[(1,4,{0,1,3},{}),(3,1,{0,2,3},{}),(3,1,{0,3},{}),S_1,S_14⊕1,S_14⊕2,S_2])"
43,"(4,4,{1},{0},[(1,1,{0},{0,2}),(2,2,{0},{1}),(3,1,{0},{0,2}),(3,3,{2},{0,1,2}),(3,3,{2},{0,2}),S_1])"
42,"(0,0,{1},{1,3},[(1,1,{0},{0,2}),(3,1,{0},{0,2}),(3,3,{0},{0,1,2}),(3,3,{2},{0,2}),S_30])"
42,"(0,1,{0,3},{},[S_16,S_18,S_1⊕1,S_5])"
42,"(0,1,{0,3},{},[S_16,S_4,S_5,S_8])"
42,"(0,3,{0,1,2},{},[(3,1,{0,3},{}),S_14⊕1,S_1⊕1,S_2])"
42,"(1,0,{1},{},[(2,3,{2},{0,1}),(3,3,{0},{1,2}),(3,3,{2},{0,1,2}),S_1,S_12,S_22,S_22⊕2,S_7⊕3])"
42,"(1,0,{1},{},[(3,1,{0,2,3},{}),(3,1,{0,2},{}),(3,1,{0,3},{}),(3,1,{0},{0,2}),S_1,S_14⊕2,S_1⊕3,S_27,S_5⊕1,S_9⊕3])"
42,"(1,0,{1},{},[S_1,S_23,S_9])"
42,"(1,2,{3},{0,3},[(2,3,{0},{0,1}),(3,1,{0},{0,2}),(3,3,{0},{0,1,2}),(3,3,{2},{0,1,2}),S_2⊕1,S_3⊕1])"
42,"(1,4,{0,1},{},[S_12,S_2⊕1,S_6,S_9])"
42,"(2,0,{1,2},{},[(1,1,{0},{0,2}),(1,4,{0,1,3},{}),(1,4,{0,1},{}),(3,1,{0,2,3},{}),(3,1,{0,3},{}),(3,4,{0,1},{}),S_1,S_27,S_31,S_5⊕1,S_9⊕3])"
42,"(2,2,{1},{0,3},[(1,1,{0},{0,2}),(3,3,{0},{0,1}),(3,3,{2},{0,1,2}),S_1,S_23,S_5⊕1])"
42,"(2,2,{1},{1,3},[(3,1,{0},{0,2}),S_19,S_2,S_5⊕1])"
42,"(2,2,{3},{0,1,3},[(1,1,{0},{0,2}),(3,1,{0},{0,2}),(3,3,{2},{0,1,2}),(3,3,{2},{0,2}),S_19,S_2⊕1,S_3⊕1])"
42,"(2,2,{3},{0,3},[(3,3,{2},{0,1,2}),(3,3,{2},{0,2}),S_2,S_2⊕1,S_3⊕1])"
42,"(2,3,{0,1,2},{},[(3,4,{0,3},{}),S_1,S_13⊕1,S_14⊕1,S_18⊕1,S_2,S_6⊕1])"
42,"(4,0,{1,2,4},{},[(1,4,{0,1,3},{}),(2,1,{0},{0}),(2,4,{0,1,2,3},{}),(3,1,{0,2,3},{}),(3,1,{0,3},{}),S_1,S_14⊕1,S_14⊕2,S_6])"
42,"(4,2,{3},{0,3},[(3,3,{0},{0,1}),(3,3,{2},{0,2}),S_15,S_2,S_3⊕1,S_5,S_5⊕1])"
42,"(4,4,{2},{0,1,2,3},[(2,2,{0},{0,1}),(3,3,{0},{0,1,2}),S_2,S_2⊕1])"
42,"S_13⊕1"
41,"(1,0,{1,3,4},{},[(2,3,{0},{0,1}),(3,1,{0,2,3},{}),(3,1,{0,3},{}),S_1,S_12,S_14,S_27,S_6,S_9])"
41,"(1,0,{1,3},{},[(3,1,{0,2},{}),(3,1,{0,3},{}),(3,2,{0},{0,1}),(3,4,{0,3},{}),S_1,S_12,S_21])"
41,"(1,0,{1,3},{},[(3,1,{0,3},{}),(3,3,{0},{0,1}),(3,4,{0,3},{}),S_1,S_12⊕2,S_21,S_6])"
41,"(1,0,{1},{},[(2,3,{2},{0,1}),(3,1,{0,2,3},{}),S_1,S_12,S_21,S_6,S_9])"
41,"(1,0,{1},{},[(2,3,{2},{0,1}),(3,1,{0,2},{}),S_1,S_12,S_12⊕2,S_14⊕2,S_5⊕1,S_9⊕3])"
41,"(1,2,{1},{3},[(2,3,{2},{0,1}),(3,1,{0},{0,2}),(3,3,{0},{0,1,2}),(3,3,{0},{1,2}),S_19,S_23,S_3⊕1])"
41,"(1,2,{1},{},[S_1,S_22,S_23,S_2⊕1,S_3⊕1,S_8])"
41,"(1,4,{1,2},{},[S_1,S_12,S_4,S_9])"
41,"(2,0,{1,2,3,4},{},[(3,1,{0,2,3},{}),(3,2,{0,3},{}),(3,3,{2},{0,2}),(3,4,{0,1,3},{}),S_1,S_12,S_18⊕1,S_5⊕1,S_7,S_7⊕1])"
41,"(2,0,{1,2,4},{},[(1,1,{0},{0,2}),(1,4,{1,3},{}),(3,3,{0},{0,1,2}),S_1,S_22,S_27,S_29,S_5⊕1,S_7⊕3,S_9⊕3])"
41,"(2,0,{1,2,4},{},[(3,1,{0,2,3},{}),(3,4,{0,1,3},{}),S_12,S_16⊕1,S_18⊕1,S_2,S_5⊕1,S_7⊕1])"
41,"(2,0,{1,2},{},[(1,1,{0},{0,2}),(1,4,{0,1},{}),(3,1,{0,3},{}),S_1,S_14⊕1,S_2,S_27,S_31])"
41,"(2,0,{1,2},{},[(1,4,{0,1,3},{}),(3,1,{0,3},{}),S_1,S_14⊕1,S_18⊕1,S_2,S_5⊕1])"
41,"(2,0,{1,3,4},{},[(3,1,{0,2},{}),(3,1,{0,3},{}),(3,4,{0,1,3},{}),S_1,S_12,S_14,S_2])"
41,"(2,0,{1},{1,3},[(1,1,{0},{0,2}),(3,1,{0},{0,2}),(3,3,{0},{1,2}),S_2,S_3⊕1])"
41,"(2,2,{1},{0,1,3},[(1,1,{0},{0,2}),(3,3,{0},{0,1,2}),S_2,S_3⊕1])"
41,"(4,0,{2,4},{},[(3,3,{2},{0,2}),(3,4,{1,3},{}),S_1,S_12,S_2,S_29,S_5⊕1,S_7⊕3,S_8,S_9⊕1])"
41,"(4,4,{3},{0,1,3},[(1,1,{0},{0,2}),(2,3,{0},{0,1}),(3,1,{0},{0,2}),(3,2,{0},{0,1}),(3,3,{0},{0,1,2}),(3,3,{2},{0,1,2}),(3,3,{2},{0,2}),S_19,S_23,S_2⊕1,S_3⊕1])"
40,"(1,0,{1,2},{},[(3,1,{0,3},{}),(3,1,{0},{0,2}),(3,3,{2},{0,1,2}),(3,4,{0,1,3},{}),S_1,S_12,S_14⊕2,S_27,S_9,S_9⊕3])"
40,"(1,0,{1,3,4},{},[(3,1,{0,2,3},{}),(3,3,{2},{0,2}),(3,4,{0,3},{}),S_1,S_12,S_13,S_16⊕1,S_18⊕1])"
40,"(1,0,{1,3},{},[(3,1,{0,3},{}),(3,1,{0},{0,2}),(3,4,{0,1,3},{}),S_1,S_12⊕2,S_6])"
40,"(1,0,{1,4},{},[(3,1,{0,3},{}),(3,4,{0,1,3},{}),S_12,S_23,S_3⊕1,S_5⊕1])"
40,"(1,0,{1},{},[(2,2,{0},{1}),(2,3,{0},{0,1}),(3,1,{0},{0,2}),(3,3,{0},{0,1,2}),S_1,S_22,S_22⊕2,S_27,S_5⊕1,S_7⊕3,S_9⊕3])"
40,"(1,0,{1},{},[(2,2,{0},{1}),(3,1,{0},{0,2}),(3,3,{0},{0,1,2}),(3,3,{2},{0,1,2}),S_1,S_12,S_22,S_22⊕2,S_27,S_2⊕2,S_30,S_7⊕3,S_9⊕3])"
40,"(1,0,{1},{},[(3,1,{0,2,3},{}),(3,1,{0,2},{}),(3,1,{0,3},{}),(3,2,{0},{0,1}),(3,4,{0,3},{}),S_1,S_12,S_6,S_9])"
40,"(1,0,{1},{},[(3,1,{0,2,3},{}),(3,1,{0,2},{}),(3,1,{0,3},{}),(3,3,{0},{0,1,2}),(3,3,{0},{0,1}),S_1,S_12,S_14⊕2,S_27,S_9,S_9⊕3])"
40,"(1,0,{1},{},[(3,1,{0,2,3},{}),(3,1,{0,3},{}),(3,1,{0},{0,2}),(3,4,{0,3},{}),S_1,S_12,S_21,S_6,S_9])"
40,"(1,0,{1},{},[(3,1,{0,2,3},{}),(3,1,{0,3},{}),(3,3,{0},{0,1}),(3,4,{0,3},{}),S_1,S_12⊕2,S_6])"
40,"(1,0,{1},{},[(3,1,{0,2,3},{}),(3,1,{0,3},{}),(3,3,{2},{0,2}),S_1,S_12,S_14⊕2])"
40,"(1,0,{1},{},[S_1,S_15,S_23,S_8])"
40,"(1,2,{1,3},{},[S_1,S_12,S_22,S_3⊕1,S_4,S_5,S_8])"
40,"(1,2,{1},{},[S_1,S_22,S_23,S_2⊕1,S_8])"
40,"(1,4,{3},{0,3},[(2,2,{0},{1}),(2,3,{0},{0,1}),(3,1,{0},{0,2}),(3,3,{0},{0,1,2}),(3,3,{0},{0,1}),S_1,S_12,S_19,S_2⊕1,S_30])"
40,"(2,0,{1,2,3},{},[(1,4,{0,1,3},{}),(1,4,{0,1},{}),(3,1,{0,2,3},{}),S_1,S_18⊕1,S_2,S_7⊕1])"
40,"(2,0,{1,2,4},{},[(1,1,{3},{}),(3,1,{0,2,3},{}),(3,1,{0,2},{}),(3,1,{0,3},{}),(3,3,{2},{0,1,2}),S_1,S_12,S_27,S_30,S_6,S_9])"
40,"(2,0,{1,2,4},{},[(3,1,{0,2,3},{}),(3,4,{0,1,3},{}),(3,4,{0,3},{}),S_12,S_13⊕1,S_14⊕1,S_16⊕1,S_18⊕1,S_2,S_5⊕1])"
40,"(2,0,{1,2},{},[(1,1,{0},{0,2}),(1,4,{0,1,3},{}),(3,1,{0,3},{}),S_1,S_14⊕1,S_27])"
40,"(2,0,{1,2},{},[(1,4,{0,1,3},{}),(3,1,{0,2,3},{}),(3,1,{0,3},{}),S_1⊕3,S_5⊕1,S_6])"
40,"(2,0,{1,2},{},[(3,1,{0,3},{}),S_1,S_14⊕1,S_18⊕1,S_2,S_31,S_5⊕1,S_7⊕1])"
40,"(2,0,{1,4},{},[(1,1,{3},{}),(3,1,{0,2,3},{}),(3,1,{0,3},{}),(3,3,{2},{0,1,2}),S_1,S_12,S_27,S_5⊕1,S_6,S_9])"
40,"(2,0,{1,4},{},[(1,4,{0,1,3},{}),(3,1,{0,2,3},{}),(3,1,{0,2},{}),(3,1,{0,3},{}),S_1,S_2])"
40,"(2,2,{3},{3},[(3,3,{2},{0,2}),S_2,S_23,S_2⊕1,S_3⊕1])"
40,"(2,3,{1,2},{},[(3,4,{0,3},{}),S_1,S_1⊕3,S_2,S_30,S_31,S_6⊕1])"
40,"(3,1,{0,3},{},[S_12,S_18,S_1⊕1,S_5])"
40,"(4,0,{1,3,4},{},[(1,4,{0,1},{}),(3,1,{0,2,3},{}),(3,1,{0,3},{}),(3,1,{0},{0,2}),S_1,S_12⊕2,S_21,S_6])"
39,"(1,0,{1},{},[(2,3,{0},{0,1}),(3,3,{0},{0,1,2}),S_1,S_22,S_22⊕2,S_5⊕1,S_7⊕3])"
39,"(1,0,{1},{},[(3,1,{0,3},{}),(3,3,{2},{0,2}),S_1,S_12,S_30])"
39,"(1,0,{1},{},[(3,3,{2},{0,2}),S_1,S_11,S_23,S_27,S_5⊕1])"
39,"(1,1,{3},{0,3},[(2,3,{2},{0,1}),(3,2,{0},{0,1}),(3,3,{0},{1,2}),(3,3,{2},{0,1,2}),(3,3,{2},{0,2}),S_19,S_2⊕1,S_3⊕1])"
39,"(1,2,{0,1,3},{},[S_12,S_14,S_2⊕1,S_4,S_6,S_8])"
39,"(1,2,{1,3},{},[S_1,S_12,S_4,S_8])"
39,"(1,2,{1,3},{},[S_11,S_22,S_2⊕1,S_5,S_8])"
39,"(1,2,{1,3},{},[S_12,S_4,S_5,S_8])"
39,"(1,2,{1},{},[S_1,S_12,S_19,S_22,S_23,S_27])"
39,"(1,2,{1},{},[S_1,S_15,S_22,S_2⊕1,S_3⊕1])"
39,"(1,4,{1,3},{},[S_22,S_2⊕1,S_5,S_8,S_9])"
39,"(2,0,{1,2,4},{},[(1,1,{0},{0,2}),(1,4,{0,1,3},{}),(3,1,{0,2,3},{}),(3,1,{0,3},{}),S_1,S_27,S_31])"
39,"(2,0,{1,2,4},{},[(1,1,{0},{0,2}),(1,4,{0,1},{}),(3,1,{0,2,3},{}),(3,1,{0,3},{}),(3,4,{0,3},{}),S_1])"
39,"(2,0,{1,2},{},[(1,4,{0,1,3},{}),(3,1,{0,3},{}),S_1,S_14⊕1,S_2,S_29])"
39,"(2,0,{1,2},{},[(1,4,{0,1,3},{}),(3,1,{0,3},{}),S_1,S_30])"
39,"(3,1,{0,3},{},[S_1⊕1,S_21,S_3⊕1,S_8])"
39,"(3,2,{1,3},{},[S_1,S_1⊕1,S_22,S_2⊕1,S_3⊕1,S_8])"
39,"(4,0,{1,2,3,4},{},[(3,1,{0,2,3},{}),(3,3,{2},{0,2}),(3,4,{0,1,3},{}),S_1,S_12,S_18,S_18⊕1,S_7⊕1,S_8])"
39,"(4,0,{1,2,4},{},[(1,1,{0},{0,2}),(1,4,{0,1},{}),(3,1,{0,3},{}),S_1,S_14⊕2,S_6])"
38,"(0,2,{3},{3},[(3,3,{2},{0,2}),S_2,S_5])"
38,"(1,0,{1,3,4},{},[(3,1,{0,2,3},{}),(3,1,{0,3},{}),(3,3,{2},{0,1,2}),S_1,S_12,S_12⊕2,S_14,S_27,S_6,S_9])"
38,"(1,0,{1,3},{},[S_1,S_12,S_6])"
38,"(1,0,{1},{},[(2,2,{0},{1}),S_1,S_12,S_22,S_23,S_27,S_5⊕1])"
38,"(1,0,{1},{},[(3,1,{0,2,3},{}),(3,1,{0,3},{}),(3,1,{0},{0,2}),(3,4,{0,1,3},{}),S_1,S_12⊕2,S_30,S_6])"
38,"(1,0,{1},{},[(3,3,{0},{0,1,2}),(3,3,{0},{1,2}),(3,3,{2},{0,1,2}),S_1,S_12,S_22,S_30,S_7⊕3,S_9⊕3])"
38,"(1,2,{1,3},{},[S_1,S_12,S_22,S_3⊕1,S_5,S_8])"
38,"(1,2,{1,3},{},[S_12,S_22,S_23,S_2⊕1,S_4,S_8])"
38,"(1,2,{1},{3},[(2,3,{0},{0,1}),(2,3,{2},{0,1}),(3,1,{0},{0,2}),S_19,S_23,S_3⊕1])"
38,"(1,2,{3},{0,3},[(3,1,{0},{0,2}),(3,3,{2},{0,1,2}),S_23,S_2⊕1])"
38,"(1,2,{3},{},[S_1,S_11,S_15,S_4])"
38,"(1,4,{1,2,3},{},[S_12,S_19,S_22,S_23,S_2⊕1,S_4,S_5,S_8])"
38,"(1,4,{1,2},{},[S_12,S_19,S_22,S_2⊕1,S_4,S_8])"
38,"(2,0,{1,2,4},{},[(1,4,{0,1,3},{}),(1,4,{0,1},{}),(3,1,{0,2,3},{}),(3,1,{0,3},{}),(3,1,{0},{0,2}),(3,4,{0,1,3},{}),S_1,S_14⊕1,S_27,S_6])"
38,"(2,0,{1,2,4},{},[(1,4,{0,1,3},{}),(3,1,{0,2,3},{}),(3,1,{0,3},{}),(3,1,{0},{0,2}),(3,4,{0,1,3},{}),S_1,S_27,S_6])"
38,"(2,0,{1,2},{},[(3,1,{0,2,3},{}),S_14⊕1,S_1⊕3,S_30,S_6,S_9⊕3])"
38,"(2,0,{1,4},{},[(1,4,{0,1,3},{}),(3,1,{0,2,3},{}),(3,1,{0,3},{}),(3,1,{0},{0,2}),(3,4,{0,3},{}),S_1,S_27,S_6])"
38,"(2,0,{1},{1,3},[(3,3,{2},{0,2}),S_23,S_30,S_3⊕1,S_5⊕1])"
38,"(2,2,{1},{0,1,3},[(1,1,{0},{0,2}),(3,1,{0},{0,2}),(3,3,{0},{1,2}),S_2⊕2,S_3⊕1])"
38,"(2,2,{3},{0,1,3},[(3,3,{2},{0,1,2}),S_2,S_2⊕1,S_3⊕1])"
38,"(3,1,{0,3},{},[S_14,S_18,S_3,S_5,S_8])"
38,"(4,2,{3},{0,1},[(2,3,{2},{0,1}),(3,3,{2},{0,1,2}),S_2⊕1,S_3⊕1])"
37,"(1,0,{1,2,3},{},[(2,4,{0,1,2,3},{}),(2,4,{2,3},{}),(3,1,{0,3},{}),S_1,S_14⊕2,S_1⊕3,S_6,S_7])"
37,"(1,0,{1,2,3},{},[(3,1,{0,2,3},{}),(3,3,{2},{0,2}),S_12,S_18,S_18⊕1,S_1⊕3,S_8])"
37,"(1,0,{1},{},[(2,3,{0},{0,1}),(2,3,{2},{0,1}),S_1,S_12,S_22,S_22⊕2,S_9])"
37,"(1,2,{3},{3},[(2,3,{2},{0,1}),(3,1,{0},{0,2}),(3,3,{2},{0,1,2}),S_19,S_23,S_2⊕1,S_2⊕2])"
37,"(2,0,{1,2,4},{},[(1,1,{0},{0,2}),(1,4,{0,1},{}),(3,1,{0,2,3},{}),(3,1,{0,3},{}),S_1])"
37,"(2,0,{1,2},{},[(0,1,{0,3},{}),(1,1,{0},{0,2}),(1,4,{0,1,3},{}),(3,1,{0,3},{}),S_1,S_14⊕1,S_18⊕1,S_27,S_5⊕1])"
37,"(2,0,{1,2},{},[(1,1,{0},{0,2}),(3,1,{0,3},{}),S_1,S_14⊕1,S_27,S_31])"
37,"(2,4,{0,1,2,3},{},[S_1,S_12,S_1⊕1,S_7])"
37,"(3,4,{3},{},[S_1,S_1⊕1,S_2⊕1,S_5,S_8,S_9])"
37,"(4,0,{1,3,4},{},[(1,4,{0,1,3},{}),(3,1,{0,2,3},{}),(3,1,{0,3},{}),(3,3,{2},{0,2}),(3,4,{0,3},{}),S_1,S_12,S_12⊕2,S_6,S_7])"
37,"(4,0,{1},{1,3},[(2,1,{0},{0}),(3,3,{2},{0,2}),S_23,S_3⊕1,S_5⊕1])"
37,"(4,4,{3},{0,1,3},[(1,1,{0},{0,2}),(2,3,{0},{0,1}),(3,1,{0},{0,2}),(3,2,{0},{0,1}),(3,3,{0},{0,1,2}),(3,3,{2},{0,2}),S_19,S_2⊕1,S_3⊕1])"
36,"(1,0,{1,2,4},{},[(3,1,{0,2,3},{}),(3,4,{0,1,3},{}),S_12,S_15,S_16⊕1,S_18⊕1,S_5⊕1,S_8])"
36,"(1,0,{1,2},{},[(2,2,{0},{1}),(2,3,{0},{0,1}),(3,1,{0,2,3},{}),(3,1,{0,3},{}),S_12,S_27,S_9])"
36,"(1,0,{1,2},{},[(2,3,{0},{0,1}),(3,1,{0,2,3},{}),(3,1,{0,3},{}),(3,3,{0},{0,1,2}),(3,4,{0,1,3},{}),S_1,S_12,S_12⊕2,S_14⊕2,S_27,S_9,S_9⊕3])"
36,"(1,0,{1,3},{},[(2,3,{0},{0,1}),(3,1,{0,2,3},{}),S_1,S_12,S_12⊕2,S_14,S_18,S_21])"
36,"(1,0,{1,3},{},[(3,1,{0,2,3},{}),(3,1,{0,2},{}),(3,1,{0,3},{}),(3,3,{2},{0,2}),S_1,S_12,S_16,S_8])"
36,"(1,0,{1,3},{},[(3,1,{0,2,3},{}),(3,1,{0,3},{}),(3,1,{0},{0,2}),(3,4,{0,3},{}),S_1,S_12,S_21,S_6])"
36,"(1,0,{1},{},[(3,1,{0,2,3},{}),(3,1,{0,3},{}),S_1,S_12,S_14⊕2,S_27,S_2⊕2,S_30,S_9⊕3])"
36,"(1,0,{1},{},[(3,1,{0,3},{}),(3,1,{0},{0,2}),(3,3,{0},{0,1}),S_1,S_12,S_14⊕2,S_1⊕3,S_6])"
36,"(1,0,{2,3},{},[(3,1,{0,3},{}),(3,4,{0,3},{}),S_1,S_16⊕1,S_21,S_23,S_30,S_3⊕1])"
36,"(1,2,{1,3},{},[S_1,S_12,S_19,S_22,S_2⊕1,S_4,S_8])"
36,"(1,2,{1,3},{},[S_1,S_12,S_19,S_23,S_6,S_8])"
36,"(1,4,{0,1,3},{},[S_12,S_16,S_19,S_21,S_4,S_6,S_8])"
36,"(2,0,{1,2,4},{},[(1,1,{0},{0,2}),(1,4,{1,3},{}),(3,1,{0},{0,2}),S_1,S_2,S_27,S_31,S_5⊕1,S_7⊕3])"
36,"(2,0,{1,2,4},{},[(1,4,{0,1,3},{}),(1,4,{0,1},{}),(3,1,{0,2,3},{}),(3,1,{0,3},{}),(3,1,{0},{0,2}),(3,2,{0,3},{}),(3,4,{0,1,3},{}),S_1,S_14⊕1,S_27,S_6])"
36,"(2,0,{1,2,4},{},[(3,1,{0,3},{}),(3,3,{2},{0,2}),(3,4,{0,1,3},{}),(3,4,{0,3},{}),S_1,S_12,S_14⊕1,S_1⊕3,S_2,S_30,S_31])"
36,"(2,0,{1,2},{},[(1,4,{0,1,3},{}),(3,1,{0,2,3},{}),(3,1,{0,3},{}),(3,4,{0,1,3},{}),S_14⊕1,S_29,S_5⊕1,S_6])"
36,"(2,0,{1,2},{},[(1,4,{0,1,3},{}),(3,1,{0,2,3},{}),(3,1,{0,3},{}),S_14⊕1,S_29,S_5⊕1,S_6])"
36,"(2,0,{1,2},{},[(3,2,{0,3},{}),(3,4,{0,3},{}),S_1,S_1⊕3,S_30,S_31,S_9⊕3])"
36,"(2,0,{1,4},{},[(1,1,{0},{0,2}),(1,4,{0,1},{}),(3,1,{0,2,3},{}),(3,1,{0,2},{}),(3,1,{0,3},{}),(3,4,{0,1,3},{}),(3,4,{0,3},{}),S_1,S_6])"
36,"(2,0,{1},{},[S_1,S_2,S_27,S_5⊕1])"
36,"(2,1,{0,2},{},[(3,3,{2},{0,2}),S_12,S_29,S_31])"
35,"(1,0,{1,3},{},[(3,1,{0,2},{}),(3,1,{0,3},{}),(3,3,{0},{1,2}),S_1,S_13,S_21,S_6])"
35,"(1,0,{1},{},[(2,2,{0},{1}),(2,3,{0},{0,1}),(3,1,{0},{0,2}),(3,3,{2},{0,1,2}),S_1,S_12,S_22,S_22⊕2,S_2⊕2,S_7⊕3,S_9,S_9⊕3])"
35,"(1,0,{1},{},[(2,3,{0},{0,1}),(2,3,{2},{0,1}),(3,3,{0},{0,1,2}),S_1,S_12,S_22,S_22⊕2,S_5⊕1,S_7⊕3])"
35,"(1,0,{1},{},[(2,3,{0},{0,1}),(2,3,{2},{0,1}),(3,3,{2},{0,1,2}),S_1,S_12,S_22,S_22⊕2,S_7⊕3,S_8])"
35,"(1,0,{1},{},[(3,1,{0,2,3},{}),(3,1,{0,3},{}),(3,1,{0},{0,2}),S_1,S_12⊕2,S_18⊕1,S_30,S_6])"
35,"(1,0,{1},{},[(3,1,{0,3},{}),(3,1,{0},{0,2}),(3,2,{0},{0,1}),S_1,S_12,S_14⊕2,S_1⊕3,S_9])"
35,"(1,0,{1},{},[(3,1,{0,3},{}),(3,3,{0},{0,1,2}),S_1,S_12,S_14⊕2,S_9])"
35,"(1,2,{1},{3},[(3,1,{0},{0,2}),(3,3,{0},{0,1,2}),S_1,S_12,S_19,S_30,S_5⊕1])"
35,"(1,4,{0,1},{},[S_11,S_12,S_23,S_2⊕1,S_6,S_9])"
35,"(1,4,{3},{3},[(3,2,{0},{0,1}),S_1,S_23,S_2⊕1,S_30,S_3⊕1,S_5⊕1])"
35,"(2,0,{1,2},{},[(3,1,{0,2,3},{}),(3,1,{0,3},{}),S_14⊕1,S_1⊕3,S_5⊕1,S_6,S_9⊕3])"
35,"(2,0,{1},{1,3},[(3,1,{0},{0,2}),S_1,S_2,S_3⊕1,S_5⊕1])"
35,"(2,0,{1},{1},[(3,1,{0},{0,2}),S_30,S_3⊕1,S_5⊕1])"
35,"(2,2,{1},{0,1,3},[(1,1,{0},{0,2}),(3,1,{0},{0,2}),(3,3,{0},{0,1,2}),(3,3,{0},{1,2}),(3,3,{2},{0,1,2}),(3,3,{2},{0,2}),S_19,S_23,S_30,S_3⊕1])"
35,"(2,4,{2,3},{},[S_1,S_12,S_1⊕1,S_2⊕1,S_3⊕1])"
35,"(4,0,{1,2,4},{},[(1,1,{0},{0,2}),(1,4,{0,1,2,3},{}),(1,4,{0,1,3},{}),(3,1,{0,2,3},{}),(3,1,{0},{0,2}),(3,2,{0,3},{}),(3,4,{0,1,3},{}),(3,4,{0,3},{}),S_1,S_12⊕2,S_18⊕1,S_27,S_6])"
35,"(4,0,{1,2,4},{},[(1,1,{0},{0,2}),(1,4,{0,1,3},{}),(3,1,{0,2,3},{}),(3,1,{0,3},{}),(3,1,{0},{0,2}),(3,4,{0,1,3},{}),S_1,S_14⊕2,S_1⊕3,S_27,S_31,S_5⊕1,S_9⊕3])"
35,"(4,0,{1,4},{},[(1,4,{0,1,2,3},{}),(3,1,{0,3},{}),(3,1,{0},{0,2}),(3,4,{0,1,3},{}),(3,4,{0,3},{}),S_1,S_12⊕2,S_27,S_6])"
34,"(1,0,{1,2},{},[(2,2,{0},{1}),(3,1,{0,2,3},{}),(3,1,{0,3},{}),(3,3,{0},{0,1,2}),S_12,S_27,S_9])"
34,"(1,0,{1,2},{},[(3,3,{2},{0,2}),(3,4,{1,3},{}),S_1,S_12,S_7⊕3,S_8,S_9⊕3])"
34,"(1,0,{1,3},{},[(3,1,{0,2,3},{}),(3,1,{0,3},{}),(3,1,{0},{0,2}),(3,4,{0,3},{}),S_1,S_12⊕2,S_21,S_30,S_6])"
34,"(1,0,{1,3},{},[(3,1,{0,2,3},{}),(3,1,{0,3},{}),(3,3,{0},{0,1,2}),(3,4,{0,1,3},{}),S_1,S_12,S_12⊕2,S_14,S_21,S_6])"
34,"(1,0,{1,3},{},[(3,1,{0,2},{}),(3,1,{0,3},{}),(3,3,{2},{0,1,2}),S_1,S_12,S_12⊕2,S_14,S_18,S_21])"
34,"(1,0,{1,4},{},[(3,1,{0,2,3},{}),(3,1,{0,3},{}),(3,1,{0},{0,2}),S_1,S_12⊕2,S_27,S_6])"
34,"(1,0,{1},{},[(3,1,{0,2,3},{}),(3,1,{0,3},{}),(3,1,{0},{0,2}),S_1,S_14⊕2,S_1⊕3,S_27,S_29,S_5⊕1,S_9⊕3])"
34,"(1,0,{1},{},[(3,1,{0,2,3},{}),(3,1,{0,3},{}),(3,3,{2},{0,1,2}),S_1,S_12,S_14⊕2,S_15])"
34,"(1,0,{1},{},[(3,1,{0,3},{}),(3,3,{0},{1,2}),S_1,S_30,S_9⊕3])"
34,"(1,0,{1},{},[(3,3,{2},{0,1,2}),S_1,S_11,S_12,S_23,S_27,S_5⊕1])"
34,"(1,2,{0,1},{},[(3,1,{0,2,3},{}),(3,1,{0,3},{}),(3,3,{2},{0,2}),S_1,S_12,S_27])"
34,"(1,2,{1,3},{},[S_1,S_14,S_2⊕1,S_8])"
34,"(1,2,{3},{3},[(2,1,{0},{0}),(3,3,{2},{0,2}),S_23,S_2⊕1,S_30,S_3⊕1,S_5⊕1])"
34,"(1,4,{2},{},[(2,2,{0},{0,1}),(3,3,{0},{0,1}),S_1,S_27,S_2⊕1,S_3⊕1])"
34,"(1,4,{3},{0,3},[(3,2,{0},{0,1}),(3,3,{0},{0,1,2}),(3,3,{2},{0,2}),S_15,S_23,S_5,S_5⊕1])"
34,"(2,0,{1,2,4},{},[(1,4,{0,1,3},{}),(3,1,{0,2,3},{}),(3,1,{0,3},{}),S_1,S_14⊕1,S_2,S_27])"
34,"(2,0,{1,2},{},[(1,1,{0},{0,2}),(1,4,{0,1,3},{}),(3,1,{0,3},{}),S_1,S_27,S_29,S_31,S_5⊕1,S_9⊕3])"
34,"(2,0,{1,2},{},[(1,4,{0,1,3},{}),(3,1,{0,3},{}),(3,2,{0,3},{}),S_1,S_14⊕1,S_18⊕1,S_5⊕1])"
34,"(2,0,{1,2},{},[(3,1,{0,3},{}),(3,4,{0,1,3},{}),(3,4,{0,3},{}),S_1,S_12,S_2])"
34,"(3,1,{3},{},[S_11,S_1⊕1,S_22,S_2⊕1,S_5,S_8,S_9])"
34,"(4,0,{1,2,4},{},[(1,4,{1,2},{}),(3,1,{0,3},{}),S_1,S_14⊕2,S_27,S_29,S_7⊕3])"
34,"(4,0,{1,2,4},{},[(2,4,{2,3},{}),S_1,S_1⊕3,S_29,S_31,S_9⊕3])"
34,"(4,0,{1,4},{},[(1,4,{0,1,3},{}),(2,1,{0},{0}),(2,4,{0,1,2,3},{}),(3,1,{0,2,3},{}),S_1,S_12⊕2,S_6])"
34,"(4,2,{1},{1,3},[(2,1,{0},{0}),(3,3,{2},{0,2}),S_19,S_23,S_3⊕1,S_5⊕1])"
34,"(4,4,{1},{0},[(1,1,{0},{0,2}),(2,2,{0},{1}),(3,1,{0},{0,2}),(3,3,{2},{0,2}),S_1])"
34,"S_13"
33,"(0,0,{1},{1,3},[(1,1,{0},{0,2}),(3,1,{0},{0,2}),(3,3,{0},{1,2}),S_30])"
33,"(1,0,{1,2,3},{},[(3,1,{0,2},{}),(3,1,{0,3},{}),(3,3,{0},{0,1,2}),(3,4,{0,1,3},{}),S_1,S_12,S_12⊕2,S_14,S_21,S_6])"
33,"(1,0,{1,3},{},[(3,1,{0,2,3},{}),(3,1,{0,2},{}),(3,1,{0,3},{}),(3,3,{0},{0,1}),(3,3,{2},{0,1,2}),S_1,S_12,S_14,S_14⊕2,S_9,S_9⊕3])"
33,"(1,0,{1,3},{},[(3,1,{0,2},{}),(3,1,{0,3},{}),(3,1,{0},{0,2}),(3,4,{0,1,3},{}),S_1,S_12,S_21,S_6])"
33,"(1,0,{1,4},{},[(2,3,{2},{0,1}),(3,1,{0,2,3},{}),(3,1,{0,3},{}),S_1,S_12,S_27,S_6,S_9])"
33,"(1,0,{1},{},[(2,2,{0},{1}),(3,1,{0,2,3},{}),(3,1,{0,3},{}),(3,1,{0},{0,2}),(3,4,{0,3},{}),S_1,S_12,S_27,S_6,S_9])"
33,"(1,0,{1},{},[(3,1,{0,2,3},{}),(3,1,{0,3},{}),(3,1,{0},{0,2}),(3,4,{0,1,3},{}),S_1,S_27,S_30,S_6])"
33,"(1,0,{1},{},[(3,1,{0,2,3},{}),(3,1,{0,3},{}),(3,1,{0},{0,2}),(3,4,{0,3},{}),S_1,S_5⊕1,S_6])"
33,"(1,0,{1},{},[(3,1,{0,2,3},{}),(3,1,{0,3},{}),(3,2,{0,3},{}),(3,2,{0},{0,1}),(3,4,{0,3},{}),S_1,S_12,S_12⊕2,S_30,S_6,S_9])"
33,"(1,0,{1},{},[(3,1,{0,3},{}),(3,1,{0},{0,2}),(3,2,{0},{0,1}),S_1,S_12,S_14⊕2,S_1⊕3,S_5⊕1,S_6])"
33,"(1,0,{1},{},[(3,1,{0},{0,2}),(3,2,{0},{0,1}),(3,3,{0},{1,2}),(3,3,{2},{0,1,2}),(3,4,{3},{}),S_1,S_12,S_22,S_27,S_7⊕3,S_9⊕3])"
33,"(1,0,{1},{},[(3,3,{0},{1,2}),(3,3,{2},{0,1,2}),S_1,S_11,S_12,S_22,S_7⊕3])"
33,"(1,0,{1},{},[S_1,S_12,S_23,S_27,S_2⊕2,S_30,S_3⊕1])"
33,"(1,2,{1,3},{},[S_1,S_12,S_4,S_6,S_8])"
33,"(2,0,{1,2,3,4},{},[(3,1,{0,2,3},{}),(3,4,{0,1,3},{}),S_1,S_12,S_14,S_14⊕1,S_18⊕1,S_2,S_5⊕1,S_7⊕1])"
33,"(2,0,{1,2,3},{},[(3,1,{0,2,3},{}),S_1,S_14⊕1,S_18⊕1,S_2,S_5⊕1,S_7⊕1])"
33,"(2,0,{1,2,4},{},[(0,1,{0,3},{}),(1,4,{0,1,3},{}),(3,1,{0,2,3},{}),(3,1,{0,3},{}),S_1,S_14⊕1,S_18⊕1,S_27,S_5⊕1])"
33,"(2,0,{1,2,4},{},[(1,4,{0,1,3},{}),(3,1,{0,2,3},{}),(3,1,{0,3},{}),(3,1,{0},{0,2}),(3,4,{0,3},{}),S_1,S_14⊕1,S_27,S_30,S_6])"
33,"(2,0,{1,2},{},[(1,1,{0},{0,2}),(1,4,{0,1,3},{}),(3,1,{0,3},{}),(3,1,{0},{0,2}),S_1,S_18⊕1,S_1⊕3,S_27,S_31,S_5⊕1,S_9⊕3])"
33,"(2,0,{1,2},{},[(1,4,{0,1,3},{}),(3,1,{0,2,3},{}),(3,1,{0,3},{}),(3,1,{0},{0,2}),(3,2,{0,3},{}),(3,4,{0,1,3},{}),S_1,S_18⊕1,S_27,S_5⊕1,S_6])"
33,"(2,0,{1,2},{},[(1,4,{0,1,3},{}),(3,1,{0,2,3},{}),S_1⊕3,S_30,S_6])"
33,"(2,0,{1,2},{},[(1,4,{0,1,3},{}),(3,1,{0,3},{}),S_1,S_14⊕1,S_2])"
33,"(2,0,{1,2},{},[(1,4,{0,1,3},{}),(3,1,{0,3},{}),S_1,S_2])"
33,"(2,2,{3},{0,1,3},[(1,1,{0},{0,2}),(3,1,{0},{0,2}),(3,3,{0},{0,1,2}),(3,3,{2},{0,1,2}),S_23,S_2⊕1])"
33,"(4,0,{1,2,4},{},[(2,4,{0,1,2,3},{}),(3,1,{0,3},{}),(3,4,{0,3},{}),S_1,S_14⊕1,S_1⊕3])"
33,"(4,0,{1},{},[(2,1,{0},{0}),S_1,S_12,S_2,S_27])"
33,"(4,4,{1},{0,2},[(3,2,{0},{0,1}),(3,3,{0},{0,1,2}),S_1,S_2,S_23,S_5⊕1])"
33,"S_3"
32,"(1,0,{1,2,3},{},[(2,2,{0},{0,1}),(3,1,{0,2,3},{}),(3,1,{0,3},{}),(3,2,{0},{0,1}),S_1,S_12,S_12⊕2,S_14,S_14⊕2,S_7])"
32,"(1,0,{1,2,3},{},[(2,2,{0},{0,1}),S_1,S_12⊕2,S_14,S_7])"
32,"(1,0,{1,2},{},[(3,1,{0,2,3},{}),(3,1,{0,3},{}),(3,1,{0},{0,2}),S_1,S_12⊕2,S_27,S_6])"
32,"(1,0,{1,3},{},[S_1,S_12,S_21,S_27,S_2⊕2,S_30,S_3⊕1])"
32,"(1,0,{1,4},{},[(3,1,{0,2,3},{}),(3,1,{0,3},{}),(3,3,{2},{0,1,2}),S_1,S_12⊕2,S_27,S_6,S_9])"
32,"(1,0,{1},{},[(2,2,{0},{1}),(3,1,{0,2,3},{}),(3,1,{0,3},{}),(3,3,{2},{0,1,2}),S_12,S_27,S_9])"
32,"(1,0,{1},{},[(2,3,{0},{0,1}),(2,3,{2},{0,1}),(3,3,{2},{0,1,2}),S_1,S_12,S_22,S_22⊕2,S_7⊕3])"
32,"(1,0,{1},{},[(3,1,{0,2,3},{}),(3,1,{0,3},{}),(3,1,{0},{0,2}),(3,2,{0,3},{}),S_1,S_12⊕2,S_27,S_5⊕1,S_6])"
32,"(1,0,{1},{},[(3,1,{0,2,3},{}),(3,1,{0,3},{}),(3,1,{0},{0,2}),(3,2,{0,3},{}),S_1,S_12⊕2,S_5⊕1,S_6])"
32,"(1,2,{1,3},{},[S_12,S_19,S_22,S_2⊕1,S_4,S_5,S_8])"
32,"(1,4,{0,1},{},[S_1,S_11,S_12,S_19,S_6,S_9])"
32,"(1,4,{3},{3},[(2,3,{2},{0,1}),(3,1,{0},{0,2}),(3,2,{0},{0,1}),(3,3,{0},{0,1}),(3,3,{2},{0,2}),S_23,S_2⊕1,S_30,S_3⊕1])"
32,"(2,0,{1,2,3,4},{},[(3,1,{0,2,3},{}),(3,2,{0,3},{}),(3,3,{2},{0,2}),(3,4,{0,1,3},{}),(3,4,{0,3},{}),S_1,S_13⊕1,S_14,S_14⊕1,S_18⊕1,S_30])"
32,"(2,0,{1,2},{},[(1,1,{0},{0,2}),(1,4,{0,1,3},{}),(3,1,{0,3},{}),S_1,S_18⊕1,S_31,S_5⊕1])"
32,"(2,0,{1,2},{},[(1,4,{0,1},{}),(3,1,{0,3},{}),S_1,S_14⊕1,S_2,S_27,S_31])"
32,"(2,0,{1},{1},[(1,1,{0},{0,2}),(3,3,{0},{0,1}),(3,3,{0},{1,2}),S_1,S_30,S_3⊕1,S_5⊕1])"
32,"(2,0,{1},{3},[(1,1,{0},{0,2}),(3,1,{0},{0,2}),S_1,S_30,S_5⊕1])"
32,"(2,0,{2,4},{},[(3,3,{2},{0,2}),(3,4,{1,3},{}),S_1,S_12,S_1⊕3,S_2,S_22,S_30,S_7⊕3,S_9⊕1])"
32,"(2,2,{3},{3},[(3,3,{2},{0,2}),S_2,S_23,S_2⊕1,S_2⊕2])"
32,"(2,5,{0,1,2},{},[(3,4,{0,1,3},{}),S_1,S_14⊕1,S_18⊕1,S_5⊕1,S_6⊕1,S_7⊕1])"
32,"(3,4,{0,3},{},[S_1,S_1⊕1,S_2⊕1,S_7,S_8])"
32,"(3,4,{2},{2},[(2,1,{0},{0}),S_2,S_2⊕1,S_3⊕1])"
32,"(4,0,{1,2,4},{},[(1,1,{0},{0,2}),(1,4,{0,1,2,3},{}),(1,4,{1,3},{}),(3,4,{0,1,3},{}),S_1,S_12⊕2,S_14⊕2,S_1⊕3,S_27,S_6])"
32,"(4,0,{1,4},{},[(1,4,{0,1,2,3},{}),(3,1,{0,2,3},{}),(3,1,{0,3},{}),(3,1,{0},{0,2}),(3,4,{0,1,3},{}),(3,4,{0,3},{}),S_1,S_12⊕2,S_27,S_6])"
32,"(4,2,{3},{0,3},[(2,3,{2},{0,1}),S_2,S_23,S_5])"
31,"(0,3,{0,1,2},{},[(1,4,{0,1,3},{}),(1,4,{0,1},{}),(3,1,{0,3},{}),(3,2,{0,3},{}),S_18⊕1,S_2,S_27,S_5⊕1])"
31,"(0,3,{0,1,2},{},[(1,4,{0,1,3},{}),(1,4,{0,1},{}),(3,1,{0,3},{}),S_18⊕1,S_5⊕1])"
31,"(1,0,{1,2,3},{},[(2,2,{0},{0,1}),(3,1,{0,2,3},{}),(3,2,{0},{0,1}),S_1,S_12,S_12⊕2,S_14,S_7])"
31,"(1,0,{1,2,3},{},[(3,1,{0,2,3},{}),(3,1,{0,3},{}),(3,1,{0},{0,2}),(3,2,{0,3},{}),(3,3,{0},{0,1,2}),(3,4,{0,1,3},{}),S_1,S_12,S_12⊕2,S_14,S_21,S_6])"
31,"(1,0,{1,3},{},[(3,1,{0,2,3},{}),(3,1,{0,3},{}),(3,3,{2},{0,1,2}),S_1,S_12,S_14⊕2])"
31,"(1,0,{1,3},{},[(3,1,{0,2},{}),(3,1,{0,3},{}),S_1,S_12⊕2,S_15,S_16,S_21,S_2⊕2,S_6])"
31,"(1,0,{1,3},{},[S_1,S_11,S_12,S_21,S_23,S_9])"
31,"(1,0,{1,3},{},[S_11,S_12,S_21,S_23,S_6,S_9])"
31,"(1,0,{1},{3},[(3,1,{0},{0,2}),(3,3,{2},{0,2}),S_1,S_23,S_30,S_5⊕1])"
31,"(1,0,{1},{},[(2,3,{0},{0,1}),(3,1,{0},{0,2}),(3,2,{0},{0,1}),(3,3,{2},{0,1,2}),(3,4,{1,3},{}),S_1,S_12,S_22,S_22⊕2,S_27,S_7⊕3,S_9⊕3])"
31,"(1,0,{1},{},[(3,1,{0,2,3},{}),(3,1,{0,3},{}),(3,3,{0},{1,2}),S_1,S_27])"
31,"(1,0,{1},{},[(3,1,{0,3},{}),(3,3,{2},{0,1,2}),S_1,S_12,S_14⊕2,S_15,S_9])"
31,"(1,0,{2,4},{},[(3,3,{2},{0,2}),(3,4,{1,3},{}),S_1,S_12,S_1⊕3,S_23,S_29,S_30,S_3⊕1,S_5⊕1,S_9⊕3])"
31,"(1,1,{3},{0,2,3},[(2,2,{0},{0,1}),(2,3,{0},{0,1}),(3,3,{2},{0,1,2}),S_2⊕1,S_3⊕1])"
31,"(1,2,{1,3},{},[S_12,S_14,S_2⊕1,S_4,S_6,S_8])"
31,"(2,0,{1,2,4},{},[(0,1,{0,3},{}),(1,4,{0,1,3},{}),(1,4,{0,1},{}),(3,1,{0,2,3},{}),(3,1,{0,3},{}),(3,2,{0,3},{}),(3,4,{0,1},{}),S_1,S_14⊕1,S_2,S_5⊕1])"
31,"(2,0,{1,2},{},[(0,1,{3},{}),(1,1,{0},{0,2}),(1,4,{1,3},{}),(3,1,{0},{0,2}),S_1,S_2,S_27,S_29,S_31,S_5⊕1,S_7⊕3,S_9⊕3])"
31,"(2,0,{1,2},{},[(1,1,{0},{0,2}),(1,4,{0,1,3},{}),(3,1,{0,3},{}),S_1,S_30,S_31])"
31,"(2,0,{1,2},{},[(3,1,{0,3},{}),S_1,S_14⊕1,S_1⊕3,S_2,S_31,S_5⊕1])"
31,"(2,0,{1,2},{},[S_1,S_1⊕3,S_29,S_30,S_31])"
31,"(3,0,{1,2,3},{},[S_1,S_14⊕2,S_2,S_31,S_7⊕1])"
31,"(3,2,{0,1,3},{},[S_1,S_18,S_1⊕1,S_2⊕1,S_6])"
31,"(4,0,{1,2,4},{},[(1,4,{0,1,3},{}),(1,4,{0,1},{}),(3,1,{0,2,3},{}),(3,1,{0,3},{}),(3,1,{0},{0,2}),(3,3,{0},{0,1}),(3,4,{0,1,3},{}),S_1,S_12,S_14⊕2,S_31,S_6])"
31,"(4,0,{1,4},{},[(1,4,{0,1,3},{}),(3,1,{0,2,3},{}),(3,1,{0,3},{}),(3,3,{0},{0,1,2}),(3,3,{0},{0,1}),(3,4,{0,1,3},{}),S_1,S_12,S_12⊕2,S_27,S_6])"
31,"S_11⊕1"
31,"S_15"
30,"(1,0,{1,2},{},[(3,1,{0,2,3},{}),(3,1,{0,3},{}),(3,1,{0},{0,2}),(3,3,{0},{0,1,2}),S_1,S_12,S_18⊕1,S_27,S_5⊕1,S_9,S_9⊕3])"
30,"(1,0,{1,2},{},[(3,1,{0,2,3},{}),(3,1,{0,3},{}),(3,3,{2},{0,1,2}),S_1,S_12,S_27,S_30,S_6,S_9])"
30,"(1,0,{1,3},{},[(3,1,{0,2,3},{}),(3,1,{0,2},{}),(3,1,{0,3},{}),(3,3,{2},{0,1,2}),S_1,S_12,S_21])"
30,"(1,0,{1,4},{},[(3,1,{0,2,3},{}),(3,1,{0,3},{}),(3,3,{0},{0,1,2}),S_1,S_12,S_27,S_6,S_9])"
30,"(1,0,{1,4},{},[(3,1,{0,2,3},{}),(3,1,{0,3},{}),S_1,S_12,S_12⊕2,S_27,S_2⊕2,S_6])"
30,"(1,0,{1},{},[(0,1,{0,3},{}),(3,1,{0,2,3},{}),(3,1,{0,3},{}),(3,3,{0},{1,2}),S_1,S_27])"
30,"(1,0,{1},{},[(2,2,{0},{1}),(3,1,{0,2,3},{}),(3,1,{0,3},{}),(3,1,{0},{0,2}),(3,2,{0,3},{}),S_1,S_12,S_12⊕2,S_14⊕2,S_1⊕3,S_27,S_9,S_9⊕3])"
30,"(1,0,{1},{},[(3,1,{0,2,3},{}),(3,1,{0,2},{}),(3,1,{0,3},{}),(3,1,{0},{0,2}),(3,4,{0,1,3},{}),S_1,S_12,S_12⊕2,S_6,S_9])"
30,"(1,0,{1},{},[(3,1,{0,3},{}),(3,1,{0},{0,2}),(3,2,{0},{0,1}),S_1,S_12,S_14⊕2,S_1⊕3,S_30,S_6,S_9])"
30,"(1,0,{1},{},[(3,3,{0},{0,1}),S_12,S_23,S_27,S_6,S_9])"
30,"(1,1,{0,3},{},[S_11,S_21,S_3⊕1,S_4,S_8])"
30,"(1,2,{0,1,3},{},[S_1,S_12,S_18,S_19,S_4,S_6])"
30,"(1,2,{0,1,3},{},[S_12,S_13,S_15,S_2⊕1,S_6])"
30,"(1,2,{1,3},{},[S_1,S_12,S_19,S_21,S_23,S_3⊕1])"
30,"(1,2,{1,3},{},[S_12,S_15,S_2⊕1,S_6,S_8])"
30,"(1,2,{3},{0,3},[(2,3,{0},{0,1}),(3,1,{0},{0,2}),(3,3,{0},{0,1,2}),(3,3,{2},{0,1,2}),S_19,S_23,S_2⊕1,S_3⊕1])"
30,"(1,4,{0,1,2,3},{},[S_1,S_12,S_14,S_4,S_7,S_9])"
30,"(1,4,{0,1,2},{},[(3,1,{0,3},{}),(3,2,{0,3},{}),S_12,S_18⊕1,S_23,S_29,S_3⊕1,S_5⊕1])"
30,"(1,4,{1},{},[S_12,S_19,S_27,S_6,S_9])"
30,"(1,4,{3},{},[S_1,S_12,S_3⊕1,S_5,S_8,S_9])"
30,"(2,0,{1,2,4},{},[(1,4,{0,1,3},{}),(3,1,{0,2,3},{}),(3,1,{0,3},{}),S_1,S_14⊕1,S_27,S_30,S_6])"
30,"(2,0,{1,2},{},[(1,1,{0},{0,2}),(1,4,{0,1,3},{}),(1,4,{0,1},{}),(3,1,{0,2,3},{}),(3,1,{0,3},{}),(3,4,{0,1},{}),S_1,S_1⊕3,S_27,S_29,S_31,S_5⊕1,S_9⊕3])"
30,"(2,0,{1,2},{},[(3,1,{0,2,3},{}),(3,1,{0,3},{}),(3,4,{0,1,3},{}),S_1,S_14⊕1,S_30,S_6])"
30,"(2,0,{1,2},{},[(3,1,{0,2,3},{}),(3,1,{0,3},{}),S_14⊕1,S_29,S_5⊕1,S_6])"
30,"(2,0,{1,2},{},[(3,1,{0,3},{}),(3,4,{0,1},{}),(3,4,{0,3},{}),S_1,S_2])"
30,"(2,0,{1,2},{},[(3,3,{2},{0,2}),S_1,S_12,S_1⊕3,S_31,S_9⊕3])"
30,"(2,2,{1},{0,1,3},[(1,1,{0},{0,2}),(3,1,{0},{0,2}),(3,3,{0},{0,1,2}),(3,3,{2},{0,2}),S_19,S_30,S_3⊕1])"
30,"(2,4,{1},{1,3},[(1,1,{0},{0,2}),(3,1,{0},{0,2}),(3,2,{0},{0,1}),(3,3,{2},{0,1,2}),(3,3,{2},{0,2}),S_19,S_23,S_2⊕2,S_3⊕1])"
30,"(3,0,{1,3,4},{},[(1,3,{0,1,2},{}),(2,4,{0,1,2,3},{}),S_1,S_14⊕2,S_6])"
30,"(4,0,{1,3,4},{},[(3,3,{2},{0,2}),(3,4,{0,1,3},{}),S_1,S_12,S_12⊕2,S_7,S_7⊕1])"
30,"(4,0,{1,4},{},[(1,1,{0},{0,2}),(1,4,{1,3},{}),(2,3,{2},{0,1}),S_1,S_22,S_22⊕2,S_5⊕1,S_7⊕3])"
30,"(4,0,{1,4},{},[(1,4,{0,1,3},{}),(2,1,{0},{0}),(2,4,{2,3},{}),(3,1,{0,2,3},{}),S_6])"
30,"(4,0,{1,4},{},[(2,1,{0},{0}),(2,4,{2,3},{}),(3,1,{0,2,3},{}),S_14⊕1,S_6,S_9⊕3])"
29,"(0,0,{1},{1,3},[(1,1,{0},{0,2}),S_2,S_5⊕1])"
29,"(0,3,{0,1,2},{},[(1,4,{0,1,3},{}),(1,4,{0,1},{}),(3,1,{0,3},{}),(3,2,{0,3},{}),S_14⊕1,S_18⊕1,S_29,S_5⊕1])"
29,"(1,0,{1,2,3,4},{},[(3,1,{0,3},{}),(3,2,{0,3},{}),(3,3,{2},{0,2}),(3,4,{0,1,3},{}),S_1,S_12,S_18,S_18⊕1,S_5⊕1,S_8])"
29,"(1,0,{1,2},{},[(3,1,{0,2,3},{}),(3,1,{0,3},{}),S_12,S_18⊕1,S_1⊕3,S_22,S_5⊕1])"
29,"(1,0,{1,3},{},[(3,1,{0,3},{}),(3,3,{2},{0,2}),S_1,S_12,S_13])"
29,"(1,0,{1,4},{},[(3,1,{0,2,3},{}),(3,1,{0,3},{}),(3,3,{2},{0,1,2}),S_12,S_27,S_6,S_9])"
29,"(1,0,{1},{2},[(3,1,{0},{0,2}),S_1,S_23,S_5⊕1])"
29,"(1,0,{1},{3},[S_1,S_23,S_2⊕2,S_5⊕1])"
29,"(1,0,{1},{},[(3,1,{0,2,3},{}),(3,1,{0,3},{}),(3,1,{0},{0,2}),(3,2,{0,3},{}),(3,4,{0,1,3},{}),S_1,S_27,S_5⊕1,S_6])"
29,"(1,0,{1},{},[(3,1,{0,2,3},{}),(3,1,{0,3},{}),(3,1,{0},{0,2}),(3,2,{0,3},{}),(3,4,{0,3},{}),S_1,S_5⊕1,S_6])"
29,"(1,0,{1},{},[(3,1,{0,3},{}),(3,2,{0},{0,1}),S_1,S_12,S_29,S_5⊕1,S_9,S_9⊕3])"
29,"(1,0,{1},{},[(3,1,{0,3},{}),(3,3,{0},{1,2}),S_1,S_14⊕2])"
29,"(1,0,{1},{},[S_1,S_11,S_12,S_22,S_23])"
29,"(1,0,{1},{},[S_1,S_27,S_3⊕1])"
29,"(1,2,{1,3},{},[S_1,S_12,S_19,S_2⊕1,S_3⊕1])"
29,"(1,4,{1,2},{},[S_12,S_22,S_2⊕1,S_4,S_8])"
29,"(1,4,{2,3},{},[S_1,S_12,S_22,S_3⊕1,S_5,S_8])"
29,"(1,4,{3},{0,3},[(3,1,{0},{0,2}),(3,2,{0},{0,1}),(3,3,{2},{0,2}),S_2⊕1,S_3⊕1])"
29,"(2,0,{1,2,3},{},[(3,1,{0,3},{}),(3,3,{2},{0,2}),(3,4,{0,3},{}),S_1,S_18⊕1,S_7,S_7⊕1])"
29,"(2,0,{1,2,4},{},[(1,1,{0},{0,2}),(1,4,{1,3},{}),(3,1,{0},{0,2}),(3,3,{0},{0,1,2}),(3,4,{1,3},{}),S_1,S_1⊕3,S_22,S_27,S_29,S_5⊕1,S_7⊕3,S_9⊕3])"
29,"(2,0,{1,2,4},{},[(1,1,{0},{0,2}),(1,4,{1,3},{}),(3,1,{0},{0,2}),S_1,S_1⊕3,S_2,S_27,S_31,S_5⊕1,S_7⊕3,S_9⊕3])"
29,"(2,0,{1,2,4},{},[(1,4,{0,1,3},{}),(3,1,{0,2,3},{}),(3,1,{0,3},{}),(3,3,{0},{0,1}),(3,4,{0,1,3},{}),S_1,S_12,S_6])"
29,"(2,0,{1,2},{},[(0,1,{0,3},{}),(3,1,{0,3},{}),(3,4,{0,1},{}),S_1,S_14⊕1,S_1⊕3,S_2,S_29,S_31,S_5⊕1,S_9⊕3])"
29,"(2,0,{1,2},{},[(1,4,{0,1,3},{}),(3,1,{0,2,3},{}),(3,4,{0,1,3},{}),S_1,S_14⊕1,S_18⊕1,S_5⊕1])"
29,"(2,0,{1,4},{},[(1,1,{0},{0,2}),(1,4,{0,1},{}),(3,1,{0,2},{}),(3,1,{0,3},{}),(3,4,{0,1,3},{}),(3,4,{0,3},{}),S_1,S_6])"
29,"(2,2,{1},{3},[(1,1,{0},{0,2}),(3,1,{0},{0,2}),(3,3,{2},{0,1,2}),(3,3,{2},{0,2}),S_1,S_19,S_23,S_30,S_3⊕1,S_5⊕1])"
29,"(2,2,{3},{3},[(3,3,{2},{0,2}),S_2,S_2⊕1])"
29,"(2,4,{1,2},{},[(3,2,{0},{0,1}),S_1,S_2,S_27,S_2⊕1,S_3⊕1])"
29,"(2,4,{2,3},{},[S_1,S_12,S_1⊕1])"
29,"(3,0,{1,3,4},{},[(1,4,{0,1,3},{}),(1,4,{0,1},{}),S_1,S_12⊕2,S_2,S_7⊕1])"
29,"(3,2,{0,1,3},{},[S_12,S_14,S_18,S_1⊕1,S_5,S_6])"
29,"(4,2,{3},{1,3},[(2,1,{0},{0}),(3,3,{2},{0,2}),S_19,S_2,S_2⊕1,S_3⊕1])"
29,"S_30⊕1"
28,"(1,0,{1,2,3},{},[(2,2,{0},{0,1}),S_1,S_12,S_12⊕2,S_14,S_14⊕2,S_7])"
28,"(1,0,{1,2,3},{},[(2,3,{0},{0,1}),(3,1,{0,2,3},{}),(3,1,{0,3},{}),(3,3,{0},{0,1}),S_1,S_12,S_14,S_27,S_6,S_9])"
28,"(1,0,{1,2},{},[(2,2,{0},{1}),(3,1,{0,2,3},{}),(3,1,{0,3},{}),(3,1,{0},{0,2}),S_1,S_12,S_18⊕1,S_27,S_5⊕1,S_6,S_9])"
28,"(1,0,{1,2},{},[(2,4,{0,1,2,3},{}),(2,4,{2,3},{}),(3,1,{0,3},{}),(3,4,{0,3},{}),S_1,S_14⊕2,S_1⊕3,S_6])"
28,"(1,0,{1,2},{},[(3,1,{0,3},{}),(3,1,{0},{0,2}),(3,2,{0,3},{}),(3,3,{0},{0,1,2}),(3,4,{0,1,3},{}),S_1,S_12,S_14⊕2,S_27,S_9,S_9⊕3])"
28,"(1,0,{1,3},{},[(2,3,{0},{0,1}),(3,1,{0,2,3},{}),(3,1,{0,3},{}),(3,3,{0},{0,1}),S_1,S_12,S_12⊕2,S_14,S_21,S_27,S_6])"
28,"(1,0,{1,3},{},[(3,1,{0,2,3},{}),(3,1,{0,3},{}),(3,1,{0},{0,2}),S_1,S_12,S_18⊕1,S_5⊕1,S_6])"
28,"(1,0,{1,3},{},[S_1,S_11,S_12,S_23,S_6,S_9])"
28,"(1,0,{1},{},[(2,4,{2,3},{}),(3,1,{0,3},{}),S_1,S_14⊕2,S_1⊕3])"
28,"(1,0,{1},{},[(3,1,{0,2,3},{}),(3,1,{0,3},{}),(3,2,{0,3},{}),(3,2,{0},{0,1}),S_1,S_12,S_12⊕2,S_18⊕1,S_30,S_5⊕1,S_6,S_9])"
28,"(1,0,{1},{},[(3,1,{0,3},{}),(3,1,{0},{0,2}),S_1,S_1⊕3,S_27,S_30,S_5⊕1,S_9⊕3])"
28,"(1,0,{1},{},[(3,1,{0,3},{}),(3,3,{2},{0,2}),S_1,S_12,S_15,S_8])"
28,"(1,2,{3},{3},[(2,1,{0},{0}),(3,1,{0},{0,2}),(3,3,{2},{0,2}),S_19,S_23,S_2⊕1,S_30,S_3⊕1,S_5⊕1])"
28,"(1,2,{3},{3},[(3,1,{0},{0,2}),(3,3,{2},{0,1,2}),(3,3,{2},{0,2}),S_19,S_23,S_2⊕1,S_2⊕2,S_3⊕1])"
28,"(1,2,{3},{3},[(3,3,{2},{0,2}),S_15,S_23,S_5,S_5⊕1])"
28,"(1,4,{0,1,2,3},{},[S_6,S_7])"
28,"(1,4,{1,2},{},[S_1,S_12,S_19,S_22,S_2⊕1,S_4,S_8])"
28,"(1,4,{1},{},[S_1,S_11,S_12,S_2⊕1,S_6,S_9])"
28,"(2,0,{1,2,3},{},[(1,4,{0,1,3},{}),(1,4,{0,1},{}),(3,1,{0,2,3},{}),S_1,S_14⊕1,S_18⊕1,S_2,S_5⊕1,S_7⊕1])"
28,"(2,0,{1,2,4},{},[(3,1,{0,3},{}),(3,2,{0,3},{}),(3,3,{2},{0,2}),(3,4,{0,3},{}),S_1,S_12,S_18⊕1,S_1⊕3,S_31,S_5⊕1])"
28,"(2,0,{1,2},{},[(0,1,{0,3},{}),(3,1,{0,3},{}),(3,4,{0,1},{}),S_1,S_14⊕1,S_2,S_31,S_5⊕1,S_9⊕3])"
28,"(2,0,{1,2},{},[(1,1,{3},{}),(3,1,{0,2,3},{}),(3,1,{0,2},{}),(3,1,{0,3},{}),(3,3,{0},{0,1,2}),S_1,S_27,S_5⊕1,S_6,S_9,S_9⊕3])"
28,"(2,0,{1,2},{},[(1,1,{3},{}),(3,1,{0,2,3},{}),(3,1,{0,3},{}),(3,3,{0},{0,1,2}),S_1,S_27,S_5⊕1,S_6,S_9,S_9⊕3])"
28,"(2,0,{1,2},{},[(3,1,{0,3},{}),(3,2,{0,3},{}),(3,3,{2},{0,2}),(3,4,{0,3},{}),S_1,S_12,S_13⊕1,S_1⊕3,S_30,S_31])"
28,"(4,0,{1,2,4},{},[(1,4,{0,1,3},{}),(2,1,{0},{0}),(2,4,{0,1,2,3},{}),(3,1,{0,2,3},{}),S_1,S_12,S_18⊕1,S_9])"
28,"(4,2,{3},{0,3},[(3,3,{0},{0,1}),(3,3,{2},{0,2}),S_15,S_2,S_23,S_5,S_5⊕1])"
28,"(4,2,{3},{3},[(3,3,{2},{0,2}),S_2,S_23,S_3⊕1,S_5])"
28,"(4,3,{1,2},{},[(2,2,{0},{0,1}),S_1,S_2,S_27,S_2⊕1])"
28,"(4,4,{2},{2,3},[(3,1,{0},{0,2}),S_2,S_2⊕1])"
27,"(0,0,{1},{3},[(1,1,{0},{0,2}),(3,3,{0},{1,2})])"
27,"(0,1,{3},{},[S_4,S_5,S_8])"
27,"(1,0,{1,2,3},{},[(3,1,{0,2,3},{}),(3,1,{0,2},{}),(3,1,{0,3},{}),(3,1,{0},{0,2}),(3,2,{0,3},{}),(3,3,{0},{0,1,2}),(3,4,{0,1,3},{}),S_1,S_12⊕2,S_14,S_21,S_6,S_9])"
27,"(1,0,{1,2,3},{},[(3,1,{0,2,3},{}),(3,1,{0,3},{}),(3,3,{0},{0,1,2}),(3,3,{0},{0,1}),(3,4,{0,1,3},{}),S_1,S_12,S_12⊕2,S_14,S_27,S_6,S_9])"
27,"(1,0,{1,2},{},[(2,3,{2},{0,1}),(3,1,{0,2,3},{}),(3,1,{0},{0,2}),(3,4,{0,1,3},{}),S_1,S_12,S_12⊕2,S_14⊕2,S_27,S_9⊕3])"
27,"(1,0,{1,2},{},[(3,1,{0,3},{}),(3,2,{0,3},{}),S_1,S_1⊕3,S_27,S_29,S_30])"
27,"(1,0,{1},{},[(0,1,{0,3},{}),(3,1,{0,2,3},{}),(3,1,{0,3},{}),(3,1,{0},{0,2}),(3,4,{0,3},{}),S_1,S_27])"
27,"(1,0,{1},{},[(3,1,{0,2},{}),(3,1,{0,3},{}),(3,1,{0},{0,2}),(3,2,{0,3},{}),(3,4,{0,1,3},{}),S_1,S_12,S_21,S_6])"
27,"(1,0,{1},{},[(3,1,{0,3},{}),(3,1,{0},{0,2}),(3,3,{0},{1,2}),(3,4,{0,3},{}),S_1,S_27,S_9⊕3])"
27,"(1,2,{1,3},{},[(3,1,{0,3},{}),(3,1,{0},{0,2}),S_1,S_21,S_22⊕3])"
27,"(1,2,{1},{},[(3,1,{0,3},{}),(3,1,{0},{0,2}),(3,3,{2},{0,2}),S_1,S_12,S_22⊕3,S_27,S_9⊕3])"
27,"(1,2,{1},{},[S_1,S_12,S_19])"
27,"(1,2,{1},{},[S_12,S_22,S_23,S_2⊕1])"
27,"(1,2,{3},{3},[(2,1,{0},{0}),(3,3,{2},{0,2}),S_23,S_2⊕1,S_3⊕1,S_5])"
27,"(1,2,{3},{3},[(2,1,{0},{0}),(3,3,{2},{0,2}),S_2⊕1,S_3⊕1])"
27,"(1,2,{3},{3},[(3,1,{0},{0,2}),(3,3,{0},{0,1,2}),(3,3,{2},{0,2}),S_19,S_2⊕1,S_2⊕2,S_30,S_3⊕1])"
27,"(1,4,{0,1,2},{},[S_1,S_12,S_4,S_7,S_9])"
27,"(1,4,{1,3},{},[S_1,S_12,S_22,S_23,S_2⊕1,S_4,S_8,S_9])"
27,"(2,0,{1,2,3},{},[(3,1,{0,3},{}),(3,2,{0,3},{}),(3,3,{2},{0,2}),(3,4,{0,1,3},{}),(3,4,{0,3},{}),S_1,S_12,S_13⊕1,S_14,S_14⊕1,S_18⊕1,S_30,S_5⊕1])"
27,"(2,0,{1,2,4},{},[(1,4,{0,1,3},{}),(1,4,{0,1},{}),(3,1,{0,2,3},{}),(3,1,{0,3},{}),S_1,S_18⊕1,S_2])"
27,"(2,0,{1,2,4},{},[(1,4,{0,1,3},{}),(3,1,{0,2,3},{}),(3,1,{0,3},{}),(3,3,{0},{0,1}),(3,4,{0,1,3},{}),S_1,S_12,S_14⊕1,S_27,S_6])"
27,"(2,0,{1,2},{},[(1,1,{0},{0,2}),(1,4,{0,1},{}),(3,1,{0,3},{}),(3,2,{0,3},{}),S_1,S_2,S_27,S_31,S_9⊕3])"
27,"(2,0,{1,2},{},[(1,4,{0,1,3},{}),(3,1,{0,3},{}),(3,1,{0},{0,2}),(3,4,{0,3},{}),S_1,S_27,S_30])"
27,"(2,0,{1,2},{},[(1,4,{0,1,3},{}),(3,1,{0,3},{}),(3,1,{0},{0,2}),(3,4,{0,3},{}),S_1,S_27])"
27,"(2,0,{1,2},{},[(3,1,{0,2,3},{}),(3,1,{0,3},{}),(3,4,{0,3},{}),S_12,S_14⊕1,S_18⊕1,S_22,S_29,S_5⊕1])"
27,"(2,0,{1,2},{},[(3,1,{0,3},{}),S_1,S_14⊕1,S_18⊕1,S_2,S_31,S_7⊕1])"
27,"(2,0,{1,2},{},[(3,1,{0,3},{}),S_1,S_14⊕1,S_1⊕3,S_29,S_31])"
27,"(2,0,{1,2},{},[(3,1,{0,3},{}),S_1,S_18⊕1,S_5⊕1,S_7⊕1])"
27,"(2,0,{2,4},{},[(3,3,{2},{0,2}),(3,4,{1,3},{}),(3,4,{3},{}),S_1,S_12,S_2,S_22,S_22⊕1,S_29,S_30,S_5⊕1,S_7⊕3,S_9⊕1])"
27,"(2,1,{0,2,3},{},[(3,2,{0,3},{}),(3,3,{2},{0,2}),S_14,S_14⊕1,S_29,S_31])"
27,"(2,1,{2,3},{},[S_11,S_1⊕1,S_22,S_2⊕1,S_9])"
27,"(2,1,{2},{},[S_12,S_1⊕1,S_22,S_22⊕3,S_29,S_31])"
27,"(2,2,{1},{0,1,3},[(1,1,{0},{0,2}),(3,1,{0},{0,2}),(3,3,{0},{0,1,2}),(3,3,{2},{0,1,2}),S_19,S_23])"
27,"(2,2,{1},{0,1,3},[(1,1,{0},{0,2}),(3,1,{0},{0,2}),(3,3,{0},{0,1}),(3,3,{0},{1,2}),(3,3,{2},{0,2}),S_2⊕2,S_30,S_3⊕1])"
27,"(2,2,{1},{0,1},[(1,1,{0},{0,2}),(3,3,{0},{0,1,2}),(3,3,{0},{0,1}),S_1,S_2,S_3⊕1,S_5⊕1])"
27,"(2,2,{3},{0,1,3},[(1,1,{0},{0,2}),(3,3,{2},{0,1,2}),S_2,S_2⊕1,S_3⊕1])"
27,"(2,2,{3},{1,3},[(3,3,{2},{0,2}),S_19,S_23,S_2⊕1,S_3⊕1,S_5⊕1])"
27,"(2,2,{3},{1,3},[(3,3,{2},{0,2}),S_23,S_2⊕1,S_3⊕1,S_5⊕1])"
27,"(2,5,{1,2,4},{},[(3,4,{0,1,3},{}),S_12,S_18⊕1,S_5⊕1,S_6⊕1])"
27,"(3,2,{1,3},{},[S_1⊕1,S_22,S_2⊕1,S_5,S_8])"
26,"(0,0,{1},{1,3},[(1,1,{0},{0,2}),(3,1,{0},{0,2}),S_30])"
26,"(0,3,{0,1,2,4},{},[(1,4,{0,1,2,3},{}),(1,4,{0,1,3},{}),(3,1,{0,2,3},{}),(3,1,{0},{0,2}),(3,2,{0,3},{}),(3,4,{0,1,3},{}),S_27,S_29,S_6⊕1])"
26,"(1,0,{1,2,3,4},{},[(3,1,{0,2,3},{}),(3,1,{0,3},{}),(3,3,{0},{0,1,2}),S_1,S_12,S_12⊕2,S_14,S_27,S_6,S_9])"
26,"(1,0,{1,2,3},{},[(3,1,{0,3},{}),(3,2,{0,3},{}),(3,3,{0},{0,1,2}),S_1,S_12,S_14,S_14⊕2,S_6])"
26,"(1,0,{1},{},[(2,3,{0},{0,1}),(3,3,{0},{0,1,2}),S_1,S_22,S_22⊕2,S_27,S_5⊕1,S_7⊕3,S_9⊕3])"
26,"(1,0,{1},{},[(2,3,{0},{0,1}),S_1,S_22,S_22⊕2])"
26,"(1,0,{1},{},[(3,1,{0,2},{}),(3,1,{0,3},{}),(3,1,{0},{0,2}),(3,2,{0,3},{}),(3,4,{0,3},{}),S_1,S_12,S_12⊕2,S_21,S_6])"
26,"(1,0,{1},{},[S_1,S_12,S_22,S_23,S_3⊕1])"
26,"(1,2,{1,3},{},[S_1,S_12,S_19,S_6,S_8])"
26,"(1,2,{3},{3},[(2,1,{0},{0}),(3,3,{2},{0,2}),S_19,S_2⊕1,S_3⊕1,S_5⊕1])"
26,"(1,4,{1,3},{},[S_1,S_12,S_19,S_21,S_6,S_9])"
26,"(2,0,{1,2,4},{},[(1,1,{0},{0,2}),(1,4,{1,3},{}),(3,1,{0},{0,2}),(3,3,{2},{0,1,2}),(3,4,{1,3},{}),(3,4,{3},{}),S_1,S_22,S_27,S_30,S_5⊕1,S_7⊕3,S_9⊕3])"
26,"(2,0,{1,2},{},[(0,1,{0,3},{}),(1,1,{3},{}),(3,1,{0,2,3},{}),(3,1,{0,3},{}),(3,1,{0},{0,2}),S_1,S_27,S_5⊕1,S_9⊕3])"
26,"(2,0,{1,2},{},[(1,1,{3},{}),(3,1,{0,2,3},{}),(3,1,{0,2},{}),(3,1,{0},{0,2}),S_1,S_27,S_5⊕1,S_9⊕3])"
26,"(2,0,{1,2},{},[(1,4,{0,1,3},{}),(3,1,{0,2,3},{}),(3,1,{0,3},{}),(3,1,{0},{0,2}),(3,2,{0,3},{}),(3,4,{0,1,3},{}),S_1,S_18⊕1,S_27,S_6])"
26,"(2,0,{1,2},{},[(1,4,{0,1,3},{}),(3,1,{0,3},{}),S_1,S_2,S_29])"
26,"(2,0,{1,2},{},[(3,1,{0,3},{}),S_1,S_18⊕1,S_2,S_31,S_5⊕1,S_7⊕1])"
26,"(2,2,{3},{1,3},[(3,1,{0},{0,2}),(3,3,{2},{0,2}),S_2,S_23,S_2⊕1,S_5⊕1])"
26,"(2,2,{3},{3},[(3,1,{0},{0,2}),(3,3,{2},{0,2}),S_2,S_2⊕1,S_2⊕2])"
26,"(3,1,{3},{},[S_1⊕1,S_2⊕1,S_3,S_5,S_8,S_9])"
26,"(3,1,{3},{},[S_1⊕1,S_2⊕1,S_8,S_9])"
26,"(4,0,{1,2,4},{},[(1,1,{0},{0,2}),(1,4,{0,1,2,3},{}),(1,4,{1,3},{}),(3,1,{0,2,3},{}),(3,1,{0,3},{}),(3,1,{0},{0,2}),(3,4,{0,1,3},{}),(3,4,{0,3},{}),S_1,S_14⊕2,S_1⊕3,S_27,S_6])"
26,"(4,0,{1,2,4},{},[(1,1,{0},{0,2}),(1,4,{0,1,3},{}),(3,1,{0,3},{}),(3,1,{0},{0,2}),(3,4,{0,1,3},{}),S_1,S_14⊕2,S_1⊕3,S_27,S_31,S_9⊕3])"
26,"(4,0,{1,4},{},[(1,4,{0,1,3},{}),(3,1,{0,2,3},{}),(3,1,{0,3},{}),(3,3,{0},{0,1,2}),(3,4,{0,1,3},{}),S_1,S_12,S_12⊕2,S_27,S_6])"
26,"(4,4,{3},{2,3},[(2,1,{0},{0}),(3,3,{2},{0,2}),S_2,S_2⊕1,S_3⊕1])"
25,"(0,0,{1,2},{},[(1,1,{0},{0,2}),(1,1,{3},{}),(1,4,{0,1,3},{}),(3,1,{0,3},{}),(3,4,{0,1},{}),S_27,S_31,S_9⊕3])"
25,"(0,0,{1,2},{},[(1,1,{0},{0,2}),(1,1,{3},{}),(1,4,{0,1},{}),(3,1,{0,2,3},{}),(3,1,{0,3},{}),S_27,S_31,S_5⊕1,S_9⊕3])"
25,"(0,2,{3},{3},[(3,3,{2},{0,2}),S_15,S_2,S_5,S_5⊕1])"
25,"(0,5,{0,1,2},{},[(1,4,{0,1,3},{}),S_18⊕1,S_5⊕1,S_6⊕1,S_7⊕1])"
25,"(1,0,{1,2,3,4},{},[(3,1,{0,2,3},{}),(3,2,{0},{0,1}),(3,4,{0,1,3},{}),S_1,S_12,S_12⊕2,S_14])"
25,"(1,0,{1,2,3},{},[(2,2,{0},{0,1}),(3,1,{0,2,3},{}),(3,1,{0,2},{}),(3,1,{0,3},{}),S_1,S_12⊕2,S_14,S_7])"
25,"(1,0,{1,2},{},[(3,3,{2},{0,2}),(3,4,{1,3},{}),S_1,S_12,S_22,S_30,S_5⊕1,S_7⊕3,S_9⊕3])"
25,"(1,0,{1,3,4},{},[(2,3,{0},{0,1}),(3,1,{0,2,3},{}),(3,1,{0,2},{}),S_1,S_12,S_12⊕2,S_14,S_27,S_6,S_9])"
25,"(1,0,{1,3,4},{},[(3,1,{0,2,3},{}),(3,1,{0,3},{}),(3,3,{2},{0,2}),(3,4,{0,3},{}),S_1,S_12,S_18,S_18⊕1,S_8])"
25,"(1,0,{1,3},{},[(3,1,{0,2,3},{}),(3,1,{0,3},{}),(3,2,{0,3},{}),(3,3,{0},{0,1}),S_1,S_5⊕1,S_6])"
25,"(1,0,{1,4},{},[(2,1,{0},{0}),(2,4,{2,3},{}),(3,1,{0,2,3},{}),S_12,S_18⊕1,S_9])"
25,"(1,0,{1},{},[(0,1,{3},{}),(2,2,{0},{1}),(3,1,{0},{0,2}),(3,3,{0},{0,1,2}),S_1,S_22,S_22⊕2,S_27,S_5⊕1,S_7⊕3,S_9⊕3])"
25,"(1,0,{1},{},[(2,3,{0},{0,1}),(3,3,{0},{0,1,2}),(3,3,{0},{0,1}),S_1,S_22,S_22⊕2,S_7⊕3,S_9])"
25,"(1,0,{1},{},[(2,3,{2},{0,1}),(3,1,{0},{0,2}),(3,3,{0},{0,1}),(3,3,{2},{0,1,2}),(3,4,{1,3},{}),S_1,S_12,S_22,S_22⊕2,S_27,S_7⊕3,S_9⊕3])"
25,"(1,0,{1},{},[(2,4,{2,3},{}),(3,1,{0,3},{}),S_1,S_14⊕2,S_1⊕3,S_9⊕3])"
25,"(1,0,{1},{},[(2,4,{2,3},{}),(3,1,{0,3},{}),S_1,S_1⊕3,S_29,S_9⊕3])"
25,"(1,0,{1},{},[(3,1,{0,2,3},{}),(3,1,{0,3},{}),(3,3,{0},{0,1,2}),S_1,S_12,S_14⊕2,S_5⊕1])"
25,"(1,0,{1},{},[(3,1,{0,3},{}),(3,1,{0},{0,2}),(3,3,{0},{0,1}),S_1,S_14⊕2,S_1⊕3])"
25,"(1,0,{1},{},[S_1,S_12,S_27])"
25,"(1,1,{3},{},[S_11,S_2⊕1,S_5,S_8])"
25,"(1,2,{0,1,3},{},[S_1,S_12,S_14,S_2⊕1,S_4,S_6,S_8])"
25,"(1,2,{1},{0},[S_1,S_15,S_3⊕1])"
25,"(1,2,{3},{},[S_1,S_11,S_2⊕1,S_4,S_8])"
25,"(1,3,{0,1,2},{},[S_7])"
25,"(1,4,{1,3},{},[S_1,S_11,S_12,S_19,S_21,S_6,S_9])"
25,"(1,4,{1},{},[S_1,S_22,S_2⊕1,S_9])"
25,"(1,4,{3},{0,3},[(2,3,{0},{0,1}),(3,1,{0},{0,2}),(3,2,{0},{0,1}),(3,3,{0},{0,1,2}),(3,3,{2},{0,2}),S_19,S_2⊕1,S_3⊕1])"
25,"(2,0,{1,2,4},{},[(1,4,{0,1},{}),(3,1,{0,2,3},{}),(3,1,{0,3},{}),(3,2,{0,3},{}),S_1,S_14⊕1,S_2,S_31,S_5⊕1])"
25,"(2,0,{1,2,4},{},[(1,4,{1,3},{}),(3,1,{0},{0,2}),(3,3,{0},{0,1,2}),(3,3,{0},{0,1}),S_1,S_22,S_27,S_31,S_7⊕3,S_9,S_9⊕3])"
25,"(2,0,{1,2},{},[(1,4,{0,1,3},{}),(3,1,{0,2,3},{}),(3,1,{0,3},{}),(3,2,{0,3},{}),(3,4,{0,1},{}),S_1,S_14⊕1,S_2])"
25,"(2,0,{1,2},{},[(3,1,{0,3},{}),(3,1,{0},{0,2}),(3,2,{0,3},{}),(3,4,{0,1,3},{}),S_1,S_14⊕1,S_27,S_31,S_9⊕3])"
25,"(2,0,{1,2},{},[(3,1,{0,3},{}),(3,2,{0,3},{}),S_1,S_14⊕1,S_1⊕3,S_29,S_30,S_6])"
25,"(2,0,{2,3},{},[(1,4,{0,1,3},{}),(3,2,{0,3},{}),(3,3,{2},{0,2}),S_14⊕1,S_29,S_7,S_7⊕1])"
25,"(2,2,{3},{1,3},[(3,3,{2},{0,2}),S_2,S_23,S_2⊕1,S_3⊕1,S_5⊕1])"
25,"(2,4,{1},{1,3},[(1,1,{0},{0,2}),(3,1,{0},{0,2}),(3,2,{0},{0,1}),(3,3,{2},{0,2}),S_19,S_3⊕1])"
25,"(3,0,{1,3},{},[S_1,S_12⊕2,S_2,S_7⊕1])"
25,"(3,4,{0,1},{},[S_16,S_18,S_1⊕1,S_2⊕1])"
25,"(3,4,{2,3},{},[S_1,S_1⊕1,S_2⊕1,S_8,S_9])"
25,"(4,0,{1,2,4},{},[(1,1,{0},{0,2}),(1,4,{0,1,2,3},{}),(1,4,{0,1,3},{}),(3,1,{0,2,3},{}),(3,1,{0,3},{}),(3,1,{0},{0,2}),(3,2,{0,3},{}),(3,4,{0,1,2,3},{}),(3,4,{0,1,3},{}),(3,4,{0,3},{}),S_1,S_12⊕2,S_27,S_6])"
25,"(4,0,{1,2,4},{},[(1,1,{0},{0,2}),(1,4,{0,1,2,3},{}),(3,1,{0,3},{}),(3,2,{0,3},{}),(3,4,{0,1,3},{}),(3,4,{0,3},{}),S_1,S_12⊕2,S_27,S_6])"
25,"(4,0,{1,4},{},[(1,1,{0},{0,2}),(1,4,{0,1,2,3},{}),(3,1,{0,2,3},{}),(3,1,{0,2},{}),(3,4,{0,1,2,3},{}),(3,4,{0,1,3},{}),(3,4,{0,3},{}),S_1,S_12⊕2,S_27,S_6])"
25,"(4,0,{1,4},{},[(1,1,{0},{0,2}),(1,4,{0,1,2,3},{}),(3,1,{0,2},{}),(3,4,{0,1,2,3},{}),(3,4,{0,1,3},{}),(3,4,{0,3},{}),S_1,S_12⊕2,S_27,S_6])"
25,"(4,4,{1},{0},[(1,1,{0},{0,2}),(2,2,{0},{1}),(2,3,{0},{0,1}),(3,3,{2},{0,2}),S_1])"
25,"(4,4,{3},{0,1,3},[(2,2,{0},{0,1}),(3,3,{2},{0,2}),S_2,S_2⊕1])"
24,"(0,0,{1,2,3},{},[(3,2,{0,3},{}),(3,3,{2},{0,2}),S_14⊕1,S_18,S_18⊕1,S_29,S_8])"
24,"(1,0,{1,2,3},{},[(2,2,{0},{0,1}),(3,1,{0,2,3},{}),(3,1,{0,3},{}),S_1,S_12,S_12⊕2,S_14,S_14⊕2,S_7])"
24,"(1,0,{1,2,3},{},[(2,2,{0},{0,1}),(3,1,{0,2},{}),S_1,S_12⊕2,S_14,S_7])"
24,"(1,0,{1,4},{},[(2,4,{0,1,2,3},{}),(2,4,{2,3},{}),S_1,S_14⊕2,S_6])"
24,"(1,0,{1},{},[(2,3,{0},{0,1}),(3,3,{0},{0,1,2}),(3,3,{0},{0,1}),(3,3,{2},{0,1,2}),S_1,S_12,S_22,S_22⊕2,S_7⊕3,S_9,S_9⊕3])"
24,"(1,0,{1},{},[(3,1,{0,3},{}),(3,1,{0},{0,2}),S_1,S_1⊕3,S_27,S_5⊕1,S_9⊕3])"
24,"(1,0,{1},{},[S_1,S_11,S_12,S_23,S_3⊕1,S_9])"
24,"(1,0,{1},{},[S_1,S_12,S_23,S_8])"
24,"(2,0,{1,2,3,4},{},[(3,1,{0,2,3},{}),(3,2,{0,3},{}),(3,3,{2},{0,2}),(3,4,{0,1,3},{}),(3,4,{0,3},{}),S_1,S_12,S_14⊕1,S_18⊕1,S_5⊕1,S_7,S_7⊕1])"
24,"(2,0,{1,2,4},{},[(0,1,{0,3},{}),(1,4,{0,1,3},{}),(3,1,{0,2,3},{}),(3,1,{0,3},{}),(3,1,{0},{0,2}),S_1,S_14⊕1,S_18⊕1,S_27,S_30,S_5⊕1])"
24,"(2,0,{1,2,4},{},[(1,4,{0,1,3},{}),(1,4,{0,1},{}),(3,1,{0,2,3},{}),(3,1,{0,3},{}),(3,2,{0,3},{}),(3,4,{0,1},{}),S_1,S_14⊕1,S_2,S_5⊕1])"
24,"(2,0,{1,2,4},{},[(3,1,{0,3},{}),(3,2,{0,3},{}),(3,3,{2},{0,2}),(3,4,{0,1,3},{}),S_1,S_12,S_14⊕1,S_1⊕3])"
24,"(2,0,{1,2},{},[(3,1,{0,2,3},{}),(3,1,{0,3},{}),S_12,S_14⊕1,S_18⊕1,S_22,S_29,S_5⊕1])"
24,"(2,0,{1,2},{},[S_1,S_1⊕3,S_29,S_31,S_5⊕1,S_9⊕3])"
24,"(2,0,{1,3},{},[(3,1,{0,2},{}),S_1,S_16⊕1,S_2,S_7⊕1])"
24,"(2,0,{1},{1,3},[(1,1,{0},{0,2}),(3,1,{0},{0,2}),S_2,S_2⊕2,S_30,S_3⊕1])"
24,"(2,0,{1},{1},[(1,1,{0},{0,2}),(3,3,{0},{0,1}),S_1,S_30,S_3⊕1,S_5⊕1])"
24,"(2,0,{2,4},{},[(1,4,{1},{}),(3,3,{2},{0,2}),S_1,S_2,S_7⊕3,S_9,S_9⊕3])"
24,"(2,2,{1},{1,3},[(1,1,{0},{0,2}),(3,1,{0},{0,2}),(3,3,{0},{0,1,2}),(3,3,{2},{0,2}),S_1,S_19,S_30,S_3⊕1,S_5⊕1])"
24,"(2,2,{1},{1,3},[(3,1,{0},{0,2}),(3,3,{2},{0,2}),S_19,S_23,S_30,S_3⊕1,S_5⊕1])"
24,"(2,2,{3},{1,3},[(1,1,{0},{0,2}),(3,3,{2},{0,2}),S_2,S_2⊕1])"
24,"(2,2,{3},{1,3},[(3,3,{2},{0,2}),S_2,S_2⊕1,S_3⊕1])"
24,"(2,3,{0,1,2},{},[(3,1,{0,2,3},{}),(3,1,{0,3},{}),(3,1,{0},{0,2}),(3,4,{0,1,3},{}),S_1,S_14⊕1,S_22⊕3,S_27,S_30,S_6])"
24,"(2,3,{0,2},{},[S_1,S_1⊕1,S_29])"
24,"(3,3,{1},{0,1,2},[(2,2,{0},{0,1})])"
24,"(4,0,{1,2,4},{},[(1,1,{3},{}),(2,3,{2},{0,1}),(3,1,{0,2,3},{}),(3,1,{0,2},{}),S_1,S_12,S_12⊕2,S_14⊕2,S_27,S_5⊕1])"
24,"(4,0,{1,2},{},[(2,1,{0},{0}),(2,4,{2,3},{}),S_1,S_31,S_9⊕3])"
24,"(4,0,{1,3,4},{},[(3,4,{0,1,3},{}),S_1,S_12⊕2,S_2,S_7,S_7⊕1])"
24,"(4,0,{1,4},{},[(1,1,{0},{0,2}),(1,4,{0,1,2,3},{}),(3,1,{0,2,3},{}),(3,4,{0,1,3},{}),S_1,S_12⊕2,S_27,S_6])"
24,"(4,0,{1,4},{},[(1,4,{1,3},{}),(2,3,{0},{0,1}),(3,1,{0},{0,2}),(3,3,{0},{0,1}),S_1,S_22,S_22⊕2,S_7⊕3,S_9,S_9⊕3])"
24,"(4,2,{1},{0,1,3},[(1,1,{0},{0,2}),(2,3,{0},{0,1}),(3,1,{0},{0,2}),(3,3,{0},{0,1}),(3,3,{2},{0,2}),S_1,S_19,S_3⊕1])"
24,"(4,4,{2},{0,1,2,3},[(2,2,{0},{0,1}),(3,1,{0},{0,2}),S_2,S_2⊕1])"
23,"(0,0,{1},{1,3},[(1,1,{0},{0,2}),(3,3,{2},{0,2}),S_2])"
23,"(1,0,{1,2},{},[(3,1,{0,2,3},{}),(3,1,{0,3},{}),(3,1,{0},{0,2}),(3,4,{0,1,3},{}),S_1,S_14⊕2,S_27,S_30,S_9⊕3])"
23,"(1,0,{1,2},{},[(3,1,{0,2,3},{}),(3,1,{0,3},{}),(3,3,{0},{0,1,2}),S_1,S_12,S_27,S_5⊕1,S_6,S_9])"
23,"(1,0,{1,4},{},[(2,1,{0},{0}),(3,3,{2},{0,2}),(3,4,{1,3},{}),S_1,S_12,S_22⊕2,S_7⊕3,S_9])"
23,"(1,0,{1},{},[(3,1,{0,2,3},{}),(3,1,{0,2},{}),(3,1,{0,3},{}),(3,1,{0},{0,2}),(3,2,{0,3},{}),(3,3,{0},{0,1,2}),(3,3,{0},{0,1}),S_1,S_12,S_14⊕2,S_27,S_6,S_9,S_9⊕3])"
23,"(1,0,{1},{},[S_1,S_27])"
23,"(1,2,{3},{3},[(3,3,{2},{0,2}),S_23,S_5,S_5⊕1])"
23,"(1,4,{1,2,3},{},[S_1,S_12,S_4,S_6,S_7,S_9])"
23,"(1,4,{2},{0,3},[(2,2,{0},{0,1}),(3,1,{0},{0,2}),(3,3,{0},{0,1,2}),S_2⊕1,S_3⊕1])"
23,"(2,0,{1,2,3,4},{},[(1,1,{3},{}),(3,1,{0,2,3},{}),(3,3,{2},{0,2}),S_14,S_14⊕1,S_1⊕3,S_6,S_9⊕3])"
23,"(2,0,{1,2,3},{},[(3,1,{0,2,3},{}),S_1,S_13⊕1,S_14⊕1,S_16⊕1,S_18⊕1,S_2,S_5⊕1,S_7⊕1])"
23,"(2,0,{1,2,3},{},[(3,1,{0,2,3},{}),S_1,S_16⊕1,S_18⊕1,S_2,S_7⊕1])"
23,"(2,0,{1,2,4},{},[(1,1,{0,3},{}),(1,1,{0},{0,2}),(1,4,{0,1,2,3},{}),(1,4,{0,1,3},{}),(1,4,{0,3},{}),(3,1,{0,2,3},{}),(3,1,{0,3},{}),(3,1,{0},{0,2}),(3,2,{0,3},{}),(3,4,{0,1,2,3},{}),(3,4,{0,1,3},{}),(3,4,{0,3},{}),S_1,S_18⊕1,S_27,S_6])"
23,"(2,0,{1,2,4},{},[(1,4,{0,1,3},{}),(3,1,{0,2,3},{}),(3,1,{0,3},{}),(3,1,{0},{0,2}),(3,4,{0,1,3},{}),S_1,S_14⊕1,S_27,S_30,S_5⊕1])"
23,"(2,0,{1,2,4},{},[(1,4,{0,1,3},{}),(3,1,{0,2,3},{}),(3,1,{0,3},{}),S_1,S_14⊕1,S_27,S_29,S_31,S_5⊕1])"
23,"(2,0,{1,2},{},[(0,1,{0,3},{}),(1,1,{3},{}),(3,1,{0,3},{}),(3,4,{0,1},{}),S_14⊕1,S_2,S_27,S_31,S_5⊕1,S_9⊕3])"
23,"(2,0,{1,2},{},[(1,1,{0},{0,2}),(1,4,{0,1,3},{}),(1,4,{0,1},{}),(3,1,{0,3},{}),(3,4,{0,1},{}),S_1,S_1⊕3,S_27,S_29,S_31,S_5⊕1,S_9⊕3])"
23,"(2,0,{1,2},{},[(1,1,{0},{0,2}),(1,4,{0,1,3},{}),(3,1,{0,3},{}),(3,1,{0},{0,2}),(3,4,{0,3},{}),S_1,S_1⊕3,S_27,S_30,S_31,S_9⊕3])"
23,"(2,0,{1,2},{},[(1,4,{0,1,3},{}),(3,1,{0,2,3},{}),(3,1,{0,3},{}),S_1,S_14⊕1,S_29,S_5⊕1])"
23,"(2,0,{1,2},{},[(1,4,{0,1,3},{}),(3,1,{0,3},{}),S_1,S_18⊕1,S_27,S_30,S_31])"
23,"(2,0,{1,2},{},[(3,1,{0,3},{}),(3,1,{0},{0,2}),(3,4,{0,1,3},{}),S_1,S_14⊕1,S_27,S_31])"
23,"(2,0,{1},{1,3},[(3,3,{2},{0,2}),S_23,S_5⊕1])"
23,"(2,2,{1,3},{},[(3,3,{0},{0,1}),S_1,S_12,S_2,S_27,S_2⊕1])"
23,"(2,2,{3},{1,3},[(3,1,{0},{0,2}),(3,3,{2},{0,2}),S_19,S_2,S_2⊕1,S_2⊕2])"
23,"(2,3,{1,2},{},[(3,2,{0,3},{}),S_1,S_18⊕1,S_1⊕1,S_2])"
23,"(2,5,{0,1,2},{},[(3,4,{0,1,3},{}),S_1,S_1⊕1,S_2,S_29,S_6⊕1,S_7⊕1])"
23,"(3,0,{1,2,3},{},[(1,4,{0,1,3},{}),S_1,S_14⊕1,S_14⊕2,S_2,S_31,S_7⊕1])"
23,"(4,0,{1,2},{},[S_12,S_1⊕3,S_29,S_31,S_8])"
23,"(4,0,{1,3,4},{},[(1,3,{0,1,2},{}),(2,4,{0,1,2,3},{}),(3,4,{0,3},{}),S_1,S_14⊕2,S_6,S_7])"
23,"(4,0,{1,4},{},[(3,3,{2},{0,2}),(3,4,{0,3},{}),S_1,S_14⊕2,S_15,S_31,S_8])"
23,"(4,2,{3},{1,3},[(2,1,{0},{0}),(3,3,{2},{0,2}),S_2,S_2⊕1,S_3⊕1])"
23,"(4,4,{3},{0,1,2,3},[(1,1,{0},{0,2}),(2,3,{0},{0,1}),(2,3,{2},{0,1}),(3,3,{2},{0,2}),S_19,S_2⊕1,S_3⊕1])"
23,"(4,5,{2,3,4},{},[(2,4,{0,1,2,3},{}),(3,2,{0,3},{}),S_1,S_14⊕1,S_1⊕1,S_29,S_7,S_7⊕1])"
22,"(0,0,{1,2},{},[(1,4,{0,1,3},{}),S_18⊕1,S_27])"
22,"(0,0,{1},{1},[(3,1,{0},{0,2}),S_2])"
22,"(0,3,{0,1,2},{},[(1,4,{0,1,3},{}),(1,4,{0,1},{}),(3,1,{0,3},{}),(3,2,{0,3},{}),S_18⊕1,S_2,S_27])"
22,"(0,3,{0,1,2},{},[(3,1,{0,3},{}),S_14⊕1,S_1⊕1,S_2,S_31])"
22,"(0,4,{0,1,2},{},[(3,1,{0,3},{}),(3,2,{0,3},{}),S_18⊕1,S_29,S_31,S_5⊕1,S_8])"
22,"(0,5,{0,2},{},[(3,3,{2},{0,2}),(3,4,{1,3},{}),S_22⊕1,S_29,S_5⊕1,S_8])"
22,"(1,0,{1,2},{},[(3,1,{0,2,3},{}),(3,1,{0,3},{}),(3,1,{0},{0,2}),S_1,S_14⊕2,S_18⊕1,S_27,S_30,S_9⊕3])"
22,"(1,0,{1},{},[S_1,S_12,S_22,S_23])"
22,"(1,0,{2,4},{},[(3,3,{2},{0,2}),(3,4,{1,3},{}),S_1,S_11,S_12,S_29,S_5⊕1,S_7⊕3])"
22,"(1,1,{0},{3},[(3,3,{2},{0,2}),S_23,S_2⊕1])"
22,"(1,2,{0,1},{},[S_1,S_14,S_19,S_6])"
22,"(1,2,{1},{0,3},[(3,3,{0},{1,2}),(3,3,{2},{0,2}),S_23,S_3⊕1])"
22,"(1,2,{1},{},[S_12,S_19,S_22,S_23,S_2⊕1])"
22,"(1,3,{0,1,2},{},[S_1,S_7])"
22,"(1,4,{1,3},{},[S_12,S_13,S_19,S_23,S_6,S_9])"
22,"(2,0,{1,2,4},{},[(1,1,{0},{0,2}),(1,4,{1,3},{}),(3,1,{0},{0,2}),(3,3,{2},{0,1,2}),(3,4,{1,3},{}),(3,4,{3},{}),S_1,S_22,S_27,S_7⊕3,S_9⊕3])"
22,"(2,0,{1,2,4},{},[(1,1,{0},{0,2}),(1,4,{1,3},{}),(3,2,{0},{0,1}),S_22,S_27,S_29,S_5⊕1,S_7⊕3,S_9⊕3])"
22,"(2,0,{1,2,4},{},[(3,1,{0,3},{}),(3,3,{2},{0,2}),(3,4,{0,1,3},{}),(3,4,{0,3},{}),S_1,S_12,S_14⊕1,S_18⊕1,S_30,S_31])"
22,"(2,0,{1,2},{},[(1,1,{0},{0,2}),(1,4,{1,3},{}),S_1,S_2,S_22,S_27,S_2⊕2,S_30,S_31,S_7⊕3,S_9⊕3])"
22,"(2,0,{1,2},{},[(1,4,{0,1,3},{}),(3,1,{0,3},{}),S_1,S_18⊕1,S_29,S_5⊕1])"
22,"(2,0,{1,2},{},[(3,1,{0,3},{}),S_1,S_14⊕1,S_18⊕1,S_1⊕3,S_2,S_31,S_5⊕1,S_7⊕1])"
22,"(2,0,{1,2},{},[(3,1,{0,3},{}),S_1,S_14⊕1,S_18⊕1,S_5⊕1])"
22,"(2,0,{1,2},{},[(3,1,{0,3},{}),S_1,S_14⊕1,S_2,S_27,S_29,S_31,S_9⊕3])"
22,"(2,0,{1},{1,3},[(3,1,{0},{0,2}),(3,3,{2},{0,2}),S_23,S_30,S_3⊕1,S_5⊕1])"
22,"(2,0,{1},{},[(1,1,{3},{}),(3,1,{0,3},{}),(3,3,{0},{1,2}),S_1,S_27,S_30])"
22,"(2,0,{2},{},[(3,3,{2},{0,2}),(3,4,{1,3},{}),(3,4,{3},{}),S_1,S_12,S_1⊕3,S_2,S_22,S_22⊕1,S_30,S_9⊕3])"
22,"(2,2,{1},{1,3},[(1,1,{0},{0,2}),(3,1,{0},{0,2}),(3,3,{0},{0,1,2}),(3,3,{2},{0,2}),S_19,S_30,S_3⊕1])"
22,"(2,3,{0,1,2},{},[(3,1,{0,3},{}),(3,1,{0},{0,2}),(3,4,{0,1,3},{}),S_1,S_14⊕1,S_22⊕3,S_27,S_6])"
22,"(2,3,{1,2},{},[(3,1,{0,3},{}),(3,1,{0},{0,2}),S_1,S_14⊕1,S_18⊕1,S_22⊕3,S_27,S_30,S_9⊕3])"
22,"(3,2,{3},{},[S_1,S_1⊕1,S_22,S_3⊕1,S_5,S_8])"
22,"(4,0,{1,2,4},{},[(2,1,{0},{0}),(2,4,{0,1,2,3},{}),(3,1,{0,3},{}),S_1,S_13⊕2,S_14⊕1,S_31])"
22,"(4,0,{1,3,4},{},[(1,4,{0,1},{}),(3,1,{0,2,3},{}),(3,1,{0,3},{}),(3,1,{0},{0,2}),(3,4,{0,1,3},{}),S_1,S_12⊕2,S_21,S_6])"
22,"(4,0,{1,3,4},{},[(3,1,{0,2},{}),(3,3,{2},{0,2}),(3,4,{0,3},{}),S_1,S_16⊕1,S_18,S_7⊕1,S_8])"
22,"(4,2,{1},{0,3},[(1,1,{0},{0,2}),(2,3,{2},{0,1}),(3,3,{0},{1,2}),(3,3,{2},{0,1,2}),(3,3,{2},{0,2}),S_19,S_3⊕1])"
22,"(4,4,{3},{0,1},[(2,3,{2},{0,1}),(3,2,{0},{0,1}),(3,3,{2},{0,1,2}),(3,3,{2},{0,2}),S_2⊕1,S_3⊕1])"
21,"(0,3,{0,1,2,4},{},[(1,1,{0,3},{}),(1,4,{0,1,3},{}),(1,4,{0,1},{}),(1,4,{0,3},{}),(3,1,{0,2,3},{}),(3,2,{0,3},{}),(3,4,{0,1,3},{}),S_14⊕1,S_2,S_27,S_29,S_6⊕1])"
21,"(1,0,{1,2},{},[(2,4,{0,1,2,3},{}),(3,1,{0,3},{}),(3,4,{0,3},{}),S_1,S_18⊕1,S_1⊕3,S_29,S_6])"
21,"(1,0,{1},{},[(2,2,{0},{1}),(3,1,{0},{0,2}),(3,2,{0},{0,1}),(3,3,{0},{0,1,2}),S_1,S_1⊕3,S_22,S_22⊕2,S_27,S_29,S_30,S_5⊕1,S_7⊕3,S_9⊕3])"
21,"(1,0,{1},{},[(2,4,{2,3},{}),(3,1,{0,3},{}),S_1,S_1⊕3,S_9⊕3])"
21,"(1,0,{1},{},[(3,1,{0,3},{}),(3,4,{0,3},{}),S_1,S_1⊕3,S_8])"
21,"(1,2,{0,1},{},[(3,1,{0,3},{}),(3,3,{2},{0,2}),S_1,S_12,S_27])"
21,"(2,0,{1,2,3,4},{},[(3,1,{0,2,3},{}),(3,3,{2},{0,2}),(3,4,{0,1,3},{}),(3,4,{0,3},{}),S_1,S_12,S_14,S_14⊕1,S_30,S_7⊕1])"
21,"(2,0,{1,2,3},{},[(3,1,{0,2,3},{}),S_1,S_14⊕1,S_16⊕1,S_18⊕1,S_5⊕1,S_7⊕1])"
21,"(2,0,{1,2,4},{},[(1,1,{0,3},{}),(1,1,{0},{0,2}),(1,4,{0,1,3},{}),(1,4,{0,3},{}),(1,4,{1,3},{}),(3,1,{0,2,3},{}),(3,1,{0,3},{}),(3,1,{0},{0,2}),(3,4,{0,1,2,3},{}),S_1,S_18⊕1,S_1⊕3,S_27,S_29,S_31,S_9⊕3])"
21,"(2,0,{1,2,4},{},[(1,1,{0},{0,2}),(1,4,{0,1,2,3},{}),(1,4,{0,1,3},{}),(3,1,{0,2,3},{}),(3,1,{0,3},{}),(3,1,{0},{0,2}),(3,2,{0,3},{}),(3,4,{0,1,3},{}),(3,4,{0,3},{}),S_1,S_18⊕1,S_27,S_6])"
21,"(2,0,{1,2,4},{},[(1,4,{0,1,2,3},{}),(1,4,{0,1,3},{}),(3,1,{0,2,3},{}),(3,1,{0,3},{}),(3,1,{0},{0,2}),(3,2,{0,3},{}),(3,4,{0,1,2,3},{}),(3,4,{0,1,3},{}),(3,4,{0,3},{}),S_1,S_27,S_6])"
21,"(2,0,{1,2,4},{},[(1,4,{0,1,3},{}),(3,1,{0,2,3},{}),(3,1,{0,3},{}),(3,3,{0},{0,1}),(3,4,{0,1,3},{}),S_1,S_12,S_27,S_31,S_9])"
21,"(2,0,{1,2},{},[(0,1,{0,3},{}),(1,1,{0},{0,2}),(1,4,{0,1,3},{}),(3,1,{0,3},{}),(3,2,{0,3},{}),S_1,S_14⊕1,S_18⊕1,S_27,S_30,S_5⊕1])"
21,"(2,0,{1,2},{},[(1,1,{0},{0,2}),(3,1,{0,3},{}),S_1,S_18⊕1,S_27,S_31])"
21,"(2,0,{1,2},{},[(1,4,{0,1,3},{}),(3,1,{0,3},{}),S_1,S_14⊕1,S_18⊕1,S_2,S_31,S_5⊕1])"
21,"(2,0,{1,2},{},[(1,4,{0,1,3},{}),(3,1,{0,3},{}),S_1,S_14⊕1,S_2,S_27,S_29,S_9⊕3])"
21,"(2,0,{1,2},{},[(3,1,{0,2,3},{}),(3,1,{0,3},{}),S_14⊕1,S_18⊕1,S_29,S_5⊕1,S_6,S_9⊕3])"
21,"(2,0,{1,2},{},[(3,1,{0,3},{}),(3,2,{0,3},{}),S_1,S_1⊕3,S_30,S_6,S_7⊕1])"
21,"(2,0,{1,2},{},[(3,1,{0,3},{}),S_1,S_16⊕1,S_18⊕1,S_2,S_7⊕1])"
21,"(2,0,{1,2},{},[(3,1,{0,3},{}),S_1,S_1⊕3,S_29,S_31,S_5⊕1,S_9⊕3])"
21,"(2,0,{1,2},{},[(3,3,{2},{0,2}),(3,4,{1,3},{}),S_1,S_12,S_22,S_30,S_31,S_5⊕1,S_9⊕3])"
21,"(2,0,{1,2},{},[S_1,S_1⊕3,S_30,S_31,S_9⊕3])"
21,"(2,0,{1,3,4},{},[(1,4,{0,1,3},{}),(3,1,{0,2},{}),(3,4,{0,1},{}),S_1,S_2,S_7⊕1])"
21,"(2,0,{1},{1},[(0,1,{0},{2}),(1,1,{0},{0,2}),(3,1,{0},{0,2}),S_1,S_30,S_3⊕1,S_5⊕1])"
21,"(2,0,{1},{},[(1,1,{3},{}),(3,1,{0,2,3},{}),(3,1,{0,3},{}),S_1,S_12,S_27,S_2⊕2,S_30,S_9⊕3])"
21,"(2,0,{2},{},[(1,4,{1},{}),(3,4,{1,3},{}),S_1,S_2,S_31,S_5⊕1,S_9⊕3])"
21,"(2,0,{2},{},[(3,1,{0,3},{}),S_1,S_14⊕1,S_29,S_31,S_5⊕1,S_9⊕3])"
21,"(2,2,{1},{0,1,3},[(3,3,{0},{0,1,2}),S_2,S_3⊕1,S_5⊕1])"
21,"(2,2,{1},{0,3},[(1,1,{0},{0,2}),(3,3,{0},{0,1,2}),(3,3,{0},{0,1}),(3,3,{2},{0,1,2}),(3,3,{2},{0,2}),S_1,S_19,S_23,S_3⊕1,S_5⊕1])"
21,"(2,2,{3},{1,3},[(3,3,{2},{0,2}),S_23,S_2⊕1,S_5⊕1])"
21,"(2,3,{1,2},{},[(3,1,{0},{0,2}),(3,2,{0,3},{}),S_1,S_1⊕3,S_22⊕3,S_27,S_30,S_31,S_9⊕3])"
21,"(4,0,{1,2,4},{},[(1,1,{3},{}),(2,3,{0},{0,1}),(3,1,{0,2,3},{}),(3,1,{0,2},{}),(3,1,{0,3},{}),(3,3,{0},{0,1}),S_1,S_12,S_12⊕2,S_14⊕2,S_27,S_6,S_9])"
21,"(4,2,{1},{0,1,3},[(1,1,{0},{0,2}),(2,3,{0},{0,1}),(3,3,{0},{0,1,2}),S_2,S_3⊕1])"
21,"(4,2,{3},{0,1,3},[(2,3,{0},{0,1}),(3,3,{2},{0,2}),S_2,S_23,S_2⊕1])"
20,"(0,1,{3},{},[S_1⊕1,S_5,S_8])"
20,"(0,3,{0,1,2},{},[(1,4,{0,1,3},{}),(1,4,{0,1},{}),(3,1,{0,3},{}),(3,2,{0,3},{}),S_14⊕1,S_29,S_5⊕1])"
20,"(0,3,{0,2,4},{},[(1,4,{1,2},{}),(1,4,{1,3},{}),S_27,S_29,S_31,S_9⊕3])"
20,"(0,3,{0,2},{},[(3,1,{0,3},{}),S_11⊕1,S_14⊕1,S_27,S_29,S_31])"
20,"(1,0,{1,2},{},[(3,1,{0,2,3},{}),(3,1,{0,3},{}),(3,3,{0},{0,1,2}),(3,3,{2},{0,1,2}),(3,4,{0,1,3},{}),S_1,S_12,S_14⊕2,S_27,S_9,S_9⊕3])"
20,"(1,0,{1,2},{},[(3,1,{0,2,3},{}),S_11,S_12,S_18⊕1,S_1⊕3,S_30])"
20,"(1,0,{1,3,4},{},[(3,1,{0,2,3},{}),(3,1,{0,3},{}),(3,3,{2},{0,1,2}),S_1,S_12,S_27,S_6,S_9])"
20,"(1,0,{1,3},{},[(3,1,{0,2,3},{}),(3,1,{0,2},{}),(3,1,{0,3},{}),(3,3,{0},{0,1,2}),(3,4,{0,1,3},{}),S_1,S_12,S_21,S_6])"
20,"(1,0,{1},{},[(0,1,{0,3},{}),(0,1,{0},{2}),S_1,S_1⊕3])"
20,"(1,0,{1},{},[(2,2,{0},{1}),(3,1,{0},{0,2}),(3,2,{0},{0,1}),(3,3,{2},{0,1,2}),(3,4,{3},{}),S_1,S_12,S_1⊕3,S_22,S_22⊕2,S_27,S_2⊕2,S_30,S_7⊕3,S_9⊕3])"
20,"(1,0,{1},{},[(2,3,{0},{0,1}),(2,3,{2},{0,1}),(3,1,{0},{0,2}),(3,2,{0},{0,1}),(3,4,{1,3},{}),S_1,S_12,S_22,S_22⊕2,S_27,S_7⊕3])"
20,"(1,0,{1},{},[(2,4,{2,3},{}),(3,1,{0,3},{}),S_1,S_1⊕3])"
20,"(1,0,{1},{},[(3,1,{0,2,3},{}),(3,1,{0,3},{}),(3,2,{0},{0,1}),(3,4,{0,3},{}),S_1,S_12])"
20,"(1,0,{1},{},[(3,1,{0},{0,2}),(3,2,{0},{0,1}),(3,3,{2},{0,1,2}),(3,4,{3},{}),S_1,S_22,S_27,S_7⊕3])"
20,"(1,0,{1},{},[S_1,S_12,S_23,S_6,S_9])"
20,"(1,0,{1},{},[S_12,S_23,S_27,S_6,S_9])"
20,"(1,2,{1},{},[S_1,S_11,S_12,S_19,S_22,S_23,S_2⊕1])"
20,"(1,3,{0,1},{},[S_1,S_19,S_6,S_7])"
20,"(1,4,{1,3},{},[S_12,S_19,S_6,S_9])"
20,"(1,4,{1},{},[S_1,S_23,S_2⊕1,S_9])"
20,"(2,0,{1,2,3,4},{},[(3,1,{0,3},{}),(3,2,{0,3},{}),(3,3,{2},{0,2}),(3,4,{0,1,3},{}),S_1,S_12,S_14,S_14⊕1,S_18⊕1,S_1⊕3,S_31,S_5⊕1])"
20,"(2,0,{1,2,3},{},[(3,1,{0,2,3},{}),S_1,S_14⊕1,S_16⊕1,S_2,S_5⊕1,S_7⊕1])"
20,"(2,0,{1,2,4},{},[(1,1,{0},{0,2}),(1,4,{0,1},{}),(3,1,{0,2,3},{}),(3,1,{0,3},{}),(3,4,{0,1},{}),S_1,S_27])"
20,"(2,0,{1,2,4},{},[(1,1,{0},{0,2}),(1,4,{1,3},{}),(3,3,{0},{1,2}),S_1,S_30,S_7⊕3,S_9⊕3])"
20,"(2,0,{1,2,4},{},[(1,4,{0,1,3},{}),(1,4,{0,1},{}),(3,1,{0,2,3},{}),(3,1,{0,3},{}),S_1,S_14⊕1,S_18⊕1,S_2,S_5⊕1])"
20,"(2,0,{1,2,4},{},[(1,4,{0,1,3},{}),(3,1,{0,2,3},{}),(3,1,{0,3},{}),(3,1,{0},{0,2}),(3,4,{0,1,3},{}),S_1,S_14⊕1,S_27,S_30])"
20,"(2,0,{1,2},{},[(1,1,{0},{0,2}),(1,4,{1,3},{}),(3,1,{0},{0,2}),S_1,S_2,S_27,S_29,S_31,S_5⊕1,S_7⊕3,S_9⊕3])"
20,"(2,0,{1,2},{},[(1,1,{3},{}),(3,1,{0,2,3},{}),(3,1,{0,3},{}),S_14⊕1,S_29,S_31,S_5⊕1,S_6])"
20,"(2,0,{1,2},{},[(1,4,{0,1,3},{}),(3,1,{0,2,3},{}),(3,1,{0,3},{}),(3,1,{0},{0,2}),(3,2,{0,3},{}),(3,4,{0,1,3},{}),S_1,S_14⊕1,S_6])"
20,"(2,0,{1,2},{},[(1,4,{0,1},{}),(3,1,{0,3},{}),(3,2,{0,3},{}),(3,4,{0,1},{}),S_1,S_2])"
20,"(2,0,{1,2},{},[(3,1,{0,2,3},{}),(3,1,{0,3},{}),S_14⊕1,S_18⊕1,S_1⊕3,S_5⊕1,S_6,S_9⊕3])"
20,"(2,0,{1,2},{},[(3,1,{0,3},{}),(3,4,{0,1},{}),S_1,S_14⊕1,S_1⊕3,S_2,S_31,S_5⊕1,S_9⊕3])"
20,"(2,0,{1,2},{},[(3,1,{0,3},{}),(3,4,{0,1},{}),S_1,S_18⊕1,S_2,S_7⊕1])"
20,"(2,0,{1,2},{},[(3,1,{0,3},{}),S_1,S_14⊕1,S_18⊕1,S_2,S_27,S_29,S_5⊕1,S_9⊕3])"
20,"(2,0,{1,2},{},[(3,1,{0,3},{}),S_1,S_14⊕1,S_18⊕1,S_2,S_5⊕1,S_7⊕1])"
20,"(2,0,{1,2},{},[(3,1,{0,3},{}),S_1,S_5⊕1,S_7⊕1])"
20,"(2,0,{1},{1,3},[(1,1,{0},{0,2}),(3,1,{0},{0,2}),(3,3,{0},{0,1}),(3,3,{2},{0,2}),S_30,S_3⊕1])"
20,"(2,0,{1},{1,3},[(1,1,{0},{0,2}),(3,1,{0},{0,2}),S_1,S_30,S_5⊕1])"
20,"(2,0,{1},{1},[S_2,S_3⊕1,S_5⊕1])"
20,"(2,0,{2,4},{},[(1,4,{1},{}),(3,4,{1,3},{}),S_1,S_2,S_5⊕1,S_7⊕3,S_9⊕3])"
20,"(2,3,{0,1,2},{},[(3,4,{0,3},{}),S_1,S_18⊕1,S_1⊕1,S_29])"
20,"(2,3,{0,2},{},[S_1,S_1⊕1,S_22⊕3])"
20,"(2,3,{2},{},[S_1,S_1⊕1,S_1⊕3,S_29])"
20,"(3,0,{1},{1},[(2,1,{0},{0}),S_2,S_3⊕1])"
20,"(3,1,{3},{},[S_22,S_3,S_5,S_8])"
20,"(4,0,{1,2,4},{},[(1,4,{0,1,3},{}),(1,4,{0,1},{}),(3,1,{0,2,3},{}),(3,1,{0,3},{}),(3,1,{0},{0,2}),(3,2,{0,3},{}),(3,3,{0},{0,1,2}),(3,3,{0},{0,1}),(3,4,{0,1,3},{}),S_1,S_12,S_14⊕2,S_27,S_31,S_6,S_9⊕3])"
20,"(4,0,{1,2,4},{},[(1,4,{1,2},{}),(3,1,{0,3},{}),S_1,S_14⊕2,S_27,S_29,S_31,S_7⊕3,S_9⊕3])"
20,"(4,0,{1,2,4},{},[(2,4,{0,1,2,3},{}),S_1,S_14⊕1,S_1⊕3])"
20,"(4,0,{1,4},{},[(1,4,{0,1,3},{}),(1,4,{0,1},{}),(3,1,{0,2,3},{}),(3,1,{0,3},{}),S_1,S_12⊕2,S_2])"
20,"(4,2,{3},{0,3},[(3,3,{2},{0,1,2}),(3,3,{2},{0,2}),S_2,S_23,S_5])"
20,"(4,4,{1},{1,2},[(2,1,{0},{0}),(3,3,{2},{0,2}),S_19,S_2,S_3⊕1])"
19,"(0,3,{0,1,2,4},{},[(1,4,{0,1,2,3},{}),(1,4,{0,1},{}),(3,1,{0,3},{}),(3,2,{0,3},{}),(3,4,{0,1,3},{}),(3,4,{0,3},{}),S_2,S_27])"
19,"(0,3,{0,1,2,4},{},[(1,4,{0,1,3},{}),(1,4,{0,1},{}),(1,4,{1,3},{}),(3,1,{0,3},{}),(3,1,{0},{0,2}),(3,2,{0,3},{}),(3,4,{0,1,3},{}),S_1⊕3,S_2,S_27,S_29,S_31,S_6⊕1])"
19,"(1,0,{1,2},{},[(2,4,{0,1,2,3},{}),(3,1,{0,3},{}),S_1,S_1⊕3,S_6])"
19,"(1,0,{1,2},{},[S_1,S_1⊕3,S_29])"
19,"(1,0,{1},{},[(2,3,{0},{0,1}),(3,1,{0},{0,2}),(3,2,{0},{0,1}),(3,3,{0},{0,1,2}),(3,4,{1,3},{}),S_1,S_1⊕3,S_22,S_22⊕2,S_27,S_5⊕1,S_7⊕3,S_9⊕3])"
19,"(1,0,{1},{},[(2,4,{2,3},{}),S_1,S_14⊕2])"
19,"(1,0,{1},{},[(3,1,{0,2,3},{}),(3,1,{0,3},{}),(3,1,{0},{0,2}),(3,4,{0,3},{}),S_1,S_12,S_14⊕2,S_27,S_2⊕2,S_30,S_9⊕3])"
19,"(1,1,{3},{0,3},[(2,3,{0},{0,1}),(2,3,{2},{0,1}),(3,2,{0},{0,1}),(3,3,{2},{0,1,2}),(3,3,{2},{0,2}),S_2⊕1,S_3⊕1])"
19,"(1,2,{1,3},{},[S_12,S_19,S_22,S_23,S_2⊕1,S_4,S_8])"
19,"(1,4,{1,3},{},[S_1,S_12,S_2⊕1,S_6,S_9])"
19,"(2,0,{1,2,4},{},[(1,4,{0,1,3},{}),(3,1,{0,2,3},{}),(3,1,{0,3},{}),(3,1,{0},{0,2}),S_1,S_14⊕1,S_18⊕1,S_27,S_30])"
19,"(2,0,{1,2,4},{},[(1,4,{0,1,3},{}),(3,1,{0,2,3},{}),(3,1,{0,3},{}),(3,3,{0},{0,1,2}),(3,3,{0},{0,1}),(3,4,{0,1,3},{}),S_1,S_12,S_27,S_6])"
19,"(2,0,{1,2,4},{},[(1,4,{1,3},{}),(3,1,{0},{0,2}),(3,3,{0},{0,1}),(3,3,{2},{0,1,2}),S_1,S_12,S_22,S_7⊕3,S_9,S_9⊕3])"
19,"(2,0,{1,2},{},[(1,1,{0},{0,2}),(1,4,{1,3},{}),(3,1,{0},{0,2}),(3,4,{3},{}),S_1,S_1⊕3,S_2,S_22,S_27,S_2⊕2,S_30,S_31,S_7⊕3,S_9⊕3])"
19,"(2,0,{1,2},{},[(1,1,{3},{}),(3,1,{0,2,3},{}),(3,1,{0,2},{}),(3,1,{0,3},{}),(3,3,{0},{0,1,2}),(3,3,{0},{0,1}),S_1,S_12,S_27,S_6,S_9])"
19,"(2,0,{1,2},{},[(1,1,{3},{}),(3,1,{0,2,3},{}),(3,1,{0,3},{}),S_14⊕1,S_1⊕3,S_5⊕1,S_6])"
19,"(2,0,{1,2},{},[(1,4,{0,1,3},{}),(3,1,{0,2,3},{}),(3,1,{0,3},{}),(3,4,{0,1,3},{}),S_1,S_14⊕1,S_18⊕1,S_2,S_27,S_29,S_5⊕1])"
19,"(2,0,{1,2},{},[(3,1,{0,3},{}),(3,4,{0,1},{}),S_1,S_14⊕1,S_1⊕3,S_2,S_29,S_31,S_5⊕1,S_9⊕3])"
19,"(2,0,{1},{1,3},[(3,1,{0},{0,2}),S_2,S_3⊕1,S_5⊕1])"
19,"(2,0,{1},{1},[S_1,S_2,S_30,S_5⊕1])"
19,"(2,0,{2},{},[(3,4,{3},{}),S_1,S_1⊕3,S_2,S_22⊕1,S_29,S_30])"
19,"(2,1,{0,3},{},[S_12,S_14,S_1⊕1,S_2⊕1,S_7])"
19,"(2,1,{2},{},[S_12,S_1⊕3,S_22,S_22⊕3,S_29,S_31])"
19,"(2,2,{0,1},{},[(1,1,{3},{}),(3,1,{0,3},{}),(3,3,{2},{0,2}),S_1,S_12,S_27,S_30])"
19,"(2,2,{3},{0,1,3},[(1,1,{0},{0,2}),(3,1,{0},{0,2}),(3,3,{0},{0,1,2}),(3,3,{2},{0,1,2}),(3,3,{2},{0,2}),S_19,S_23,S_2⊕1,S_3⊕1])"
19,"(2,2,{3},{0,1,3},[(1,1,{0},{0,2}),(3,3,{0},{0,1,2}),(3,3,{2},{0,1,2}),S_2,S_2⊕1,S_3⊕1])"
19,"(2,3,{0,1,2},{},[(0,1,{0,3},{}),(3,1,{0,3},{}),S_14⊕1,S_18⊕1,S_2,S_27,S_29,S_31,S_5⊕1])"
19,"(2,3,{1,2},{},[(3,2,{0,3},{}),(3,4,{0,3},{}),S_13⊕1,S_14⊕1,S_30,S_6,S_6⊕1])"
19,"(2,3,{1,2},{},[(3,2,{0,3},{}),S_1,S_14⊕1,S_18⊕1,S_1⊕1,S_2,S_31])"
19,"(2,4,{0,1,2,3},{},[S_1,S_12,S_1⊕1,S_6,S_7])"
19,"(4,0,{1,2,4},{},[(1,1,{0},{0,2}),(1,4,{0,1,2,3},{}),(1,4,{0,1,3},{}),(1,4,{1,3},{}),(3,1,{0,2,3},{}),(3,1,{0,3},{}),(3,1,{0},{0,2}),(3,2,{0,3},{}),(3,4,{0,1,3},{}),S_1,S_14⊕2,S_18⊕1,S_1⊕3,S_27,S_6])"
19,"(4,0,{1,2,4},{},[(1,1,{0},{0,2}),(1,4,{0,1},{}),(3,1,{0,3},{}),S_1,S_14⊕2,S_1⊕3])"
19,"(4,0,{1,2,4},{},[(3,1,{0,3},{}),(3,3,{2},{0,2}),(3,4,{0,3},{}),S_1,S_12,S_14⊕2,S_31])"
19,"(4,0,{1,3,4},{},[(1,4,{0,1},{}),(3,1,{0,3},{}),(3,1,{0},{0,2}),(3,4,{0,1,3},{}),S_1,S_12⊕2,S_21,S_6])"
19,"(4,0,{4},{},[(1,4,{1},{}),(2,1,{0},{0}),(3,3,{2},{0,2}),(3,4,{1,3},{}),(3,4,{2,3},{}),S_1,S_12,S_15,S_7⊕3,S_9])"
19,"(4,2,{1},{1,3},[(1,1,{0},{0,2}),(2,3,{0},{0,1}),(3,1,{0},{0,2}),(3,3,{2},{0,2}),S_19,S_3⊕1])"
19,"(4,2,{1},{1,3},[(2,1,{0},{0}),(3,3,{2},{0,2}),S_19,S_3⊕1,S_5⊕1])"
19,"(4,2,{3},{1,3},[(2,1,{0},{0}),(3,3,{2},{0,2}),S_2,S_23,S_2⊕1])"
19,"(4,3,{0,1,2,4},{},[(2,4,{0,1,2,3},{}),(3,4,{0,1,3},{}),S_1,S_18⊕1,S_1⊕1])"
19,"(4,4,{3},{0,1},[(2,3,{2},{0,1}),(3,2,{0},{0,1}),(3,3,{2},{0,2}),S_2⊕1,S_3⊕1])"
18,"(0,3,{0,2},{},[(1,1,{0},{0,2}),(1,4,{1,3},{}),S_27,S_29,S_5⊕1,S_7⊕3])"
18,"(0,3,{0,2},{},[(3,1,{0,3},{}),S_14⊕1,S_18⊕1,S_1⊕3,S_2,S_27,S_29,S_31,S_5⊕1,S_9⊕3])"
18,"(1,0,{1,2,3},{},[(3,1,{0,3},{}),(3,3,{2},{0,2}),(3,4,{0,3},{}),S_1,S_16,S_16⊕1,S_18⊕1,S_8])"
18,"(1,0,{1,2},{},[(3,1,{0,2,3},{}),(3,1,{0,3},{}),(3,1,{0},{0,2}),(3,2,{0,3},{}),(3,3,{0},{0,1,2}),(3,4,{0,1,3},{}),S_1,S_12,S_14⊕2,S_27,S_9,S_9⊕3])"
18,"(1,0,{1},{},[(2,2,{0},{1}),(3,3,{2},{0,1,2}),S_1,S_12,S_22,S_22⊕2,S_2⊕2,S_7⊕3,S_8,S_9⊕3])"
18,"(1,0,{1},{},[(2,3,{0},{0,1}),(3,3,{0},{0,1,2}),(3,3,{0},{0,1}),S_1,S_22,S_22⊕2,S_27,S_7⊕3,S_9,S_9⊕3])"
18,"(1,0,{1},{},[(2,3,{0},{0,1}),S_1,S_12,S_22,S_22⊕2,S_9])"
18,"(1,0,{1},{},[(2,3,{0},{0,1}),S_1,S_22,S_22⊕2,S_9])"
18,"(1,0,{1},{},[S_1,S_11,S_12,S_22,S_23,S_3⊕1])"
18,"(1,2,{0,1},{},[S_1,S_11,S_12,S_19,S_6,S_8])"
18,"(1,2,{0,1},{},[S_1,S_12,S_3⊕1,S_6])"
18,"(1,2,{1,3},{},[S_22,S_5,S_8])"
18,"(1,2,{1},{},[S_1,S_12,S_19,S_22,S_23])"
18,"(1,2,{3},{3},[(3,3,{2},{0,2}),S_19,S_23,S_2⊕1,S_30,S_3⊕1,S_5⊕1])"
18,"(1,2,{3},{3},[(3,3,{2},{0,2}),S_23,S_2⊕1,S_30,S_3⊕1])"
18,"(1,2,{3},{},[S_1,S_12,S_22,S_3⊕1,S_5,S_8])"
18,"(1,3,{1,2},{},[(0,1,{0,3},{}),S_1,S_29,S_3⊕2])"
18,"(2,0,{1,2},{},[(1,4,{0,1,3},{}),(3,1,{0,2,3},{}),(3,1,{0,3},{}),(3,1,{0},{0,2}),(3,4,{0,1,3},{}),S_1⊕3,S_6])"
18,"(2,0,{1,2},{},[(1,4,{0,1,3},{}),(3,1,{0,2,3},{}),(3,1,{0,3},{}),(3,4,{0,1,3},{}),S_1⊕3,S_5⊕1,S_6])"
18,"(2,0,{1,2},{},[(1,4,{0,1,3},{}),(3,1,{0,3},{}),S_1,S_14⊕1,S_18⊕1,S_2,S_27])"
18,"(2,0,{1,2},{},[(1,4,{0,1,3},{}),(3,1,{0,3},{}),S_1,S_14⊕1,S_18⊕1,S_27,S_31,S_5⊕1])"
18,"(2,0,{1,2},{},[(3,1,{0,2,3},{}),(3,1,{0,3},{}),(3,1,{0},{0,2}),S_14⊕1,S_18⊕1,S_1⊕3,S_6,S_9⊕3])"
18,"(2,0,{1,2},{},[(3,1,{0,3},{}),S_1,S_14⊕1,S_1⊕3,S_29,S_31,S_9⊕3])"
18,"(2,0,{1,4},{},[(1,4,{0,1},{}),(3,1,{0,2,3},{}),(3,1,{0,2},{}),(3,1,{0,3},{}),(3,1,{0},{0,2}),S_1,S_12,S_21,S_6])"
18,"(2,0,{2},{},[S_1,S_14⊕1,S_1⊕3,S_29,S_31])"
18,"(2,2,{3},{0,1,3},[(3,3,{0},{0,1,2}),(3,3,{2},{0,2}),S_2,S_23,S_2⊕1])"
18,"(2,2,{3},{0,3},[(3,3,{0},{0,1,2}),(3,3,{2},{0,2}),S_2,S_2⊕1,S_3⊕1])"
18,"(2,2,{3},{3},[(3,3,{2},{0,2}),S_2,S_2⊕1,S_3⊕1])"
18,"(2,3,{0,1,2,4},{},[(3,4,{0,1,3},{}),(3,4,{0,3},{}),S_1,S_14⊕1,S_30,S_6,S_6⊕1])"
18,"(2,3,{0,2},{},[S_1,S_29,S_31,S_5⊕1,S_9⊕3])"
18,"(2,3,{1,2},{},[(3,1,{0},{0,2}),(3,2,{0,3},{}),(3,4,{0,3},{}),S_1,S_18⊕1,S_22⊕3,S_27,S_29,S_30,S_6⊕1])"
18,"(2,3,{2},{},[S_1,S_1⊕1,S_1⊕3,S_29,S_31])"
18,"(4,0,{1,2,4},{},[(1,1,{0},{0,2}),(1,4,{0,1,2,3},{}),(1,4,{1,3},{}),(3,1,{0,2,3},{}),(3,1,{0,3},{}),(3,1,{0},{0,2}),(3,4,{0,1,2,3},{}),(3,4,{0,1,3},{}),S_1,S_14⊕2,S_1⊕3,S_27,S_29,S_31,S_9⊕3])"
18,"(4,0,{1,2,4},{},[(2,1,{0},{0}),(2,4,{0,1,2,3},{}),(3,1,{0,3},{}),S_1,S_14⊕1,S_14⊕2,S_31])"
18,"(4,0,{1,2,4},{},[(3,3,{2},{0,2}),(3,4,{0,1,3},{}),S_1,S_12,S_14⊕2,S_18⊕1,S_31,S_7⊕1])"
18,"(4,0,{1,2},{},[(3,1,{0,3},{}),(3,3,{2},{0,2}),(3,4,{0,3},{}),S_1,S_12,S_13⊕2,S_31])"
18,"(4,0,{1,4},{},[(1,1,{0},{0,2}),(1,4,{1,3},{}),(2,3,{0},{0,1}),(3,1,{0},{0,2}),(3,4,{1,3},{}),S_1,S_22,S_22⊕2,S_27,S_5⊕1,S_7⊕3])"
18,"(4,0,{1,4},{},[(1,4,{1,2},{}),S_1,S_14⊕2,S_22⊕2,S_27])"
18,"(4,2,{3},{3},[(3,3,{2},{0,2}),S_2,S_23,S_5])"
18,"(4,4,{3},{0,3},[(2,2,{0},{0,1}),(3,3,{0},{0,1,2}),(3,3,{2},{0,2}),S_19,S_2,S_2⊕1])"
18,"(4,5,{0,1,2},{},[(3,4,{0,1,3},{}),(3,4,{0,3},{}),S_12,S_14⊕1,S_29,S_8])"
18,"(4,5,{1,2,4},{},[(3,4,{0,1,3},{}),(3,4,{0,3},{}),S_1,S_18⊕1,S_1⊕1,S_29,S_8])"
17,"(0,0,{1},{1,3},[(1,1,{0},{0,2}),(3,1,{0},{0,2}),(3,3,{2},{0,2}),S_2,S_30])"
17,"(0,0,{1},{1,3},[(1,1,{0},{0,2}),(3,1,{0},{0,2}),S_2,S_30])"
17,"(0,3,{0,1,2},{},[(1,4,{0,1,3},{}),(3,1,{0,3},{}),(3,4,{0,1,3},{}),S_14⊕1,S_1⊕1,S_2])"
17,"(0,3,{0,2},{},[(3,4,{1,3},{}),S_2,S_31,S_5⊕1])"
17,"(1,0,{1,2},{},[(3,1,{0,2,3},{}),(3,1,{0,3},{}),(3,4,{0,3},{}),S_12,S_18⊕1,S_1⊕3,S_22,S_5⊕1])"
17,"(1,0,{1,2},{},[(3,3,{2},{0,2}),(3,4,{1,3},{}),S_1,S_11,S_12,S_30,S_9⊕3])"
17,"(1,0,{1},{},[(2,2,{0},{1}),(2,3,{0},{0,1}),(3,1,{0},{0,2}),S_1,S_22,S_22⊕2,S_7⊕3])"
17,"(1,0,{1},{},[(3,1,{0},{0,2}),(3,2,{0},{0,1}),(3,3,{0},{0,1,2}),(3,3,{2},{0,1,2}),(3,4,{1,3},{}),S_1,S_12,S_1⊕3,S_22,S_27,S_30,S_5⊕1,S_7⊕3,S_9⊕3])"
17,"(1,0,{1},{},[S_1,S_15,S_3⊕1,S_8])"
17,"(1,2,{1},{0},[S_1,S_23])"
17,"(1,2,{3},{},[S_1,S_11,S_3⊕1,S_4,S_6,S_8])"
17,"(1,4,{1,3},{},[S_12,S_19,S_22,S_4,S_5,S_8,S_9])"
17,"(2,0,{1,2,3,4},{},[(3,1,{0,2,3},{}),(3,2,{0,3},{}),(3,4,{0,1,3},{}),S_1,S_2,S_7,S_7⊕1])"
17,"(2,0,{1,2,4},{},[(1,4,{0,1},{}),(3,1,{0,2,3},{}),(3,1,{0,3},{}),(3,1,{0},{0,2}),(3,4,{0,1,3},{}),S_1,S_27,S_31,S_6])"
17,"(2,0,{1,2},{},[(1,1,{0},{0,2}),(1,4,{0,1,3},{}),(3,1,{0,3},{}),(3,1,{0},{0,2}),(3,4,{0,3},{}),S_1,S_1⊕3,S_27,S_31,S_9⊕3])"
17,"(2,0,{1,2},{},[(1,4,{1,2},{}),(3,1,{0,3},{}),S_1,S_27,S_29,S_31,S_9⊕3])"
17,"(2,0,{1,2},{},[(3,1,{0,3},{}),S_1,S_14⊕1,S_18⊕1,S_30])"
17,"(2,0,{1},{1},[S_1,S_2,S_30])"
17,"(2,0,{2},{},[(1,4,{1},{}),(3,4,{1,3},{}),S_1,S_2,S_22⊕1,S_31,S_5⊕1,S_9⊕3])"
17,"(2,0,{2},{},[(1,4,{1},{}),S_1,S_2,S_30,S_9⊕3])"
17,"(2,0,{2},{},[(3,3,{2},{0,2}),(3,4,{1,3},{}),(3,4,{3},{}),S_1,S_11⊕1,S_12,S_2,S_22,S_22⊕1,S_29,S_30,S_5⊕1,S_9⊕3])"
17,"(2,0,{2},{},[S_1,S_16⊕1,S_2,S_31,S_5⊕1,S_7⊕1,S_9⊕3])"
17,"(2,2,{1},{0,1,3},[(1,1,{0},{0,2}),(3,1,{0},{0,2}),(3,3,{0},{0,1,2}),S_2,S_3⊕1])"
17,"(2,2,{1},{0,3},[(1,1,{0},{0,2}),(3,3,{0},{0,1,2}),(3,3,{0},{0,1}),(3,3,{2},{0,2}),S_1,S_19,S_23,S_3⊕1,S_5⊕1])"
17,"(2,2,{1},{1,3},[(3,1,{0},{0,2}),(3,3,{2},{0,2}),S_19,S_30,S_3⊕1,S_5⊕1])"
17,"(2,2,{3},{1,3},[(3,1,{0},{0,2}),(3,3,{2},{0,2}),S_2,S_23,S_2⊕1])"
17,"(2,3,{0,1,2},{},[(1,4,{0,1,3},{}),(3,1,{0,2,3},{}),(3,4,{0,1,3},{}),S_1,S_14⊕1,S_18⊕1,S_5⊕1,S_6⊕1])"
17,"(2,3,{0,1,2},{},[(3,4,{0,3},{}),S_1,S_14⊕1,S_18⊕1,S_23⊕1,S_29,S_6⊕1])"
17,"(2,3,{0,1,2},{},[(3,4,{0,3},{}),S_1,S_2,S_29,S_31])"
17,"(2,3,{2},{},[S_1,S_1⊕3,S_29,S_30,S_31,S_6⊕1])"
17,"(4,0,{1,2,4},{},[(1,1,{0},{0,2}),(1,4,{0,1,2,3},{}),(1,4,{0,1,3},{}),(3,1,{0,2,3},{}),(3,1,{0},{0,2}),(3,2,{0,3},{}),(3,4,{0,1,3},{}),S_1,S_12⊕2,S_27,S_6])"
17,"(4,0,{1,2,4},{},[(1,1,{0},{0,2}),(1,4,{0,1},{}),(3,1,{0,3},{}),S_1,S_14⊕2])"
17,"(4,0,{1,2,4},{},[(1,4,{0,1,3},{}),(3,1,{0,2,3},{}),(3,1,{0,3},{}),S_1,S_14⊕1,S_14⊕2,S_2,S_31])"
17,"(4,0,{1,2,4},{},[(2,4,{0,1,2,3},{}),(3,1,{0,3},{}),(3,4,{0,3},{}),S_1,S_14⊕1,S_1⊕3,S_29])"
17,"(4,0,{1,3,4},{},[(3,1,{0,2},{}),(3,3,{2},{0,2}),(3,4,{0,1,3},{}),S_1,S_12,S_16,S_16⊕1,S_7⊕1,S_8])"
16,"(0,0,{1},{1},[S_2,S_5⊕1])"
16,"(1,0,{1,2,3,4},{},[(3,1,{0,3},{}),(3,3,{2},{0,2}),(3,4,{0,1,3},{}),S_1,S_12,S_13,S_16⊕1,S_18⊕1])"
16,"(1,0,{1,2},{},[(2,4,{0,1,2,3},{}),(2,4,{2,3},{}),(3,1,{0,3},{}),(3,4,{0,1,3},{}),S_1,S_14⊕2,S_1⊕3,S_6])"
16,"(1,0,{1,4},{},[(3,3,{2},{0,2}),(3,4,{1,3},{}),S_1,S_22,S_22⊕2])"
16,"(1,0,{1},{3},[(3,1,{0},{0,2}),S_1,S_23,S_2⊕2,S_30,S_5⊕1])"
16,"(1,0,{1},{},[(2,2,{0},{0,1}),S_1,S_15,S_22⊕2,S_7⊕3,S_9])"
16,"(1,0,{1},{},[(3,1,{0,3},{}),S_1,S_1⊕3])"
16,"(1,0,{1},{},[(3,3,{0},{0,1}),S_12,S_22,S_23,S_27])"
16,"(1,0,{1},{},[(3,3,{2},{0,1,2}),S_1,S_12,S_7⊕3,S_9])"
16,"(1,0,{1},{},[S_1,S_6,S_8])"
16,"(1,2,{1,3},{},[S_1,S_12,S_15,S_2⊕1,S_3⊕1])"
16,"(1,2,{1,3},{},[S_1,S_12,S_15,S_2⊕1,S_8])"
16,"(1,2,{1},{},[S_11,S_12,S_19,S_22,S_23,S_2⊕1])"
16,"(1,3,{1,2},{},[(3,1,{0,3},{}),(3,1,{0},{0,2}),(3,2,{0,3},{}),S_1,S_18⊕1,S_22⊕3,S_27])"
16,"(1,4,{2},{0,2,3},[(2,2,{0},{0,1}),(3,1,{0},{0,2}),(3,2,{0},{0,1}),(3,3,{0},{0,1,2}),(3,3,{0},{0,1}),S_1,S_2⊕1,S_3⊕1])"
16,"(1,4,{2},{0,2,3},[(2,2,{0},{0,1}),(3,1,{0},{0,2}),(3,3,{0},{0,1,2}),S_2⊕1,S_3⊕1])"
16,"(1,4,{3},{0,3},[(3,1,{0},{0,2}),(3,2,{0},{0,1}),(3,3,{2},{0,2}),S_2⊕1,S_2⊕2,S_3⊕1])"
16,"(2,0,{1,2,3,4},{},[(1,1,{3},{}),(3,1,{0,2,3},{}),(3,1,{0,2},{}),(3,1,{0,3},{}),(3,3,{0},{0,1}),(3,3,{2},{0,1,2}),S_1,S_12,S_14,S_27,S_6,S_9])"
16,"(2,0,{1,2,4},{},[(1,1,{0},{0,2}),(1,4,{1,3},{}),(3,1,{0},{0,2}),(3,4,{1,3},{}),S_1,S_1⊕3,S_2,S_27,S_30,S_31,S_5⊕1,S_7⊕3])"
16,"(2,0,{1,2,4},{},[(1,4,{0,1,3},{}),(3,1,{0,2,3},{}),(3,1,{0,3},{}),(3,1,{0},{0,2}),(3,2,{0,3},{}),(3,3,{0},{0,1,2}),(3,3,{0},{0,1}),(3,4,{0,1,3},{}),S_1,S_12,S_14⊕1,S_27,S_6])"
16,"(2,0,{1,2},{},[(0,1,{3},{}),(1,1,{0},{0,2}),(1,4,{1,3},{}),(3,1,{0},{0,2}),S_1,S_1⊕3,S_2,S_27,S_29,S_30,S_31,S_5⊕1,S_7⊕3,S_9⊕3])"
16,"(2,0,{1,2},{},[(1,1,{0},{0,2}),(3,1,{0,3},{}),S_1,S_14⊕1,S_27,S_31,S_5⊕1])"
16,"(2,0,{1,2},{},[(1,1,{3},{}),(1,4,{0,1,3},{}),(3,1,{0,3},{}),S_1,S_14⊕1,S_18⊕1,S_2,S_27,S_5⊕1])"
16,"(2,0,{1,2},{},[(1,4,{0,1,3},{}),(3,1,{0,3},{}),(3,4,{0,1},{}),S_1,S_18⊕1,S_2])"
16,"(2,0,{1,2},{},[(1,4,{0,1,3},{}),(3,1,{0,3},{}),S_1,S_14⊕1,S_18⊕1,S_2,S_31])"
16,"(2,0,{1,2},{},[(3,1,{0,2,3},{}),(3,1,{0,3},{}),S_14⊕1,S_18⊕1,S_29,S_31,S_5⊕1,S_6,S_9⊕3])"
16,"(2,0,{1,2},{},[(3,1,{0,3},{}),S_1,S_13⊕1,S_14⊕1,S_16⊕1,S_1⊕3,S_2,S_31,S_5⊕1])"
16,"(2,0,{1,2},{},[(3,1,{0},{0,2}),S_1,S_1⊕3,S_29,S_31,S_9⊕3])"
16,"(2,0,{1,4},{},[(1,4,{0,1,3},{}),(3,1,{0,2,3},{}),(3,1,{0,2},{}),(3,1,{0,3},{}),(3,4,{0,1},{}),S_1,S_2])"
16,"(2,0,{2},{},[(3,1,{0,3},{}),S_1,S_14⊕1,S_29,S_31,S_5⊕1])"
16,"(2,2,{3},{3},[(1,1,{0},{0,2}),(3,1,{0},{0,2}),(3,3,{2},{0,1,2}),(3,3,{2},{0,2}),S_19,S_2⊕1,S_2⊕2,S_3⊕1])"
16,"(3,1,{2,3},{},[S_12,S_1⊕1,S_22,S_2⊕1,S_4])"
16,"(4,0,{1,2,4},{},[(0,1,{0,3},{}),(1,4,{0,1,3},{}),(1,4,{0,1},{}),(3,1,{0,3},{}),(3,2,{0,3},{}),S_14⊕1,S_14⊕2,S_18⊕1,S_1⊕3,S_2,S_27,S_29,S_5⊕1])"
16,"(4,0,{1,2,4},{},[(2,4,{0,1,2,3},{}),(3,4,{0,3},{}),S_1,S_14⊕1,S_29])"
16,"(4,0,{1,2,4},{},[(2,4,{0,1,2,3},{}),S_1,S_14⊕1,S_1⊕3,S_29,S_31])"
16,"(4,0,{1,2,4},{},[(3,1,{0,3},{}),(3,3,{2},{0,2}),(3,4,{0,1,3},{}),S_1,S_12,S_15,S_18⊕1,S_31,S_8])"
16,"(4,0,{1,4},{},[(1,1,{0},{0,2}),(1,4,{0,1,2,3},{}),(3,4,{0,1,3},{}),S_1,S_12⊕2,S_27,S_6])"
16,"(4,0,{1,4},{},[(1,1,{0},{0,2}),(1,4,{1,2},{}),(3,1,{0},{0,2}),(3,4,{1,3},{}),(3,4,{3},{}),S_1,S_22⊕2,S_27,S_7⊕3])"
15,"(0,3,{0,1,2,4},{},[(1,4,{0,1,2,3},{}),(1,4,{0,1,3},{}),(3,4,{0,1,3},{}),S_2,S_27,S_29,S_6⊕1])"
15,"(0,3,{0,1,2},{},[(1,1,{0,3},{}),(1,4,{0,3},{}),(3,1,{0,3},{}),S_14⊕1,S_1⊕3,S_2,S_27,S_29,S_31,S_6⊕1])"
15,"(0,3,{0,2},{},[(1,1,{0},{0,2}),(1,4,{1,3},{}),S_1⊕3,S_2,S_27,S_29,S_31,S_5⊕1,S_7⊕3,S_9⊕3])"
15,"(0,5,{0,1},{},[(1,4,{0,1},{}),S_18⊕1,S_2,S_7⊕1])"
15,"(1,0,{1,2,3,4},{},[(2,2,{0},{0,1}),(3,1,{0,2,3},{}),S_1,S_12,S_12⊕2,S_14,S_14⊕2,S_27,S_7])"
15,"(1,0,{1,2,3},{},[(2,2,{0},{0,1}),(3,1,{0,2,3},{}),(3,1,{0,3},{}),(3,4,{0,1,3},{}),S_1,S_12,S_12⊕2,S_14,S_14⊕2,S_27,S_7])"
15,"(1,0,{1,2},{},[(3,1,{0,3},{}),(3,2,{0,3},{}),S_12,S_18⊕1,S_1⊕3,S_23,S_30,S_3⊕1])"
15,"(1,0,{1,2},{},[(3,1,{0},{0,2}),(3,3,{2},{0,2}),(3,4,{1,3},{}),(3,4,{3},{}),S_1,S_12,S_22,S_27,S_5⊕1,S_7⊕3,S_9⊕3])"
15,"(1,0,{1,2},{},[S_11,S_12,S_1⊕3,S_29])"
15,"(1,0,{1,3},{},[(3,1,{0,2},{}),(3,1,{0,3},{}),(3,3,{0},{0,1}),(3,4,{0,3},{}),S_1,S_21,S_6])"
15,"(1,0,{1,4},{},[(3,3,{2},{0,2}),(3,4,{1,3},{}),(3,4,{2,3},{}),S_1,S_12,S_7⊕3,S_8])"
15,"(1,0,{1},{},[(0,1,{0,3},{}),S_1,S_1⊕3])"
15,"(1,0,{1},{},[(2,3,{0},{0,1}),(3,1,{0},{0,2}),(3,3,{0},{0,1}),(3,4,{1,3},{}),S_1,S_12,S_22,S_22⊕2,S_27,S_7⊕3])"
15,"(1,0,{1},{},[(3,1,{0,3},{}),(3,3,{0},{0,1}),S_1,S_29,S_5⊕1,S_9⊕3])"
15,"(1,2,{1,3},{},[S_1,S_12,S_19,S_22,S_23,S_2⊕1,S_4,S_8])"
15,"(1,2,{1},{},[S_1,S_12,S_19,S_22,S_27])"
15,"(1,2,{1},{},[S_1,S_12,S_19,S_6])"
15,"(1,3,{1,2},{},[(0,1,{0,3},{}),(0,1,{0},{2}),S_1,S_1⊕3,S_29,S_3⊕2])"
15,"(2,0,{1,2,4},{},[(1,1,{3},{}),(3,3,{2},{0,2}),S_1,S_12,S_1⊕3,S_31,S_9⊕3])"
15,"(2,0,{1,2,4},{},[(1,4,{0,1,2,3},{}),(3,1,{0,3},{}),(3,4,{0,3},{}),(3,4,{1,3},{}),S_1,S_14⊕1,S_27,S_31])"
15,"(2,0,{1,2},{},[(3,1,{0,3},{}),S_1,S_18⊕1,S_2,S_7⊕1])"
15,"(2,2,{1},{0,3},[(3,3,{0},{1,2}),S_2,S_3⊕1])"
15,"(2,2,{1},{3},[S_19,S_2,S_2⊕2,S_30])"
15,"(2,3,{0,1,2,4},{},[(1,4,{0,1,2,3},{}),(1,4,{0,1,3},{}),(3,1,{0,3},{}),(3,1,{0},{0,2}),(3,4,{0,1,3},{}),S_22⊕3,S_27,S_29,S_6])"
15,"(2,3,{0,1,2},{},[(0,1,{0,3},{}),(3,1,{0,3},{}),S_14⊕1,S_18⊕1,S_29,S_31,S_5⊕1])"
15,"(2,3,{0,1,2},{},[(0,1,{0,3},{}),S_14⊕1,S_18⊕1,S_5⊕1])"
15,"(2,3,{0,1,2},{},[(1,4,{0,1,3},{}),(3,1,{0,3},{}),(3,1,{0},{0,2}),S_14⊕1,S_18⊕1,S_22⊕3,S_27,S_29,S_31,S_6])"
15,"(2,3,{1,2},{},[(3,2,{0,3},{}),S_1,S_18⊕1,S_1⊕1,S_2,S_29])"
15,"(2,5,{0,2},{},[(3,3,{2},{0,2}),(3,4,{3},{}),S_11⊕1,S_2,S_22,S_22⊕1,S_29,S_30,S_31])"
15,"(3,0,{1,2,3,4},{},[(1,3,{0,1,2},{}),S_1,S_12⊕2,S_14⊕2,S_2,S_7])"
15,"(3,0,{1,2,3},{},[(1,3,{0,1,2},{}),S_1,S_12⊕2,S_2,S_7])"
15,"(4,0,{1,2,3,4},{},[(1,4,{0,1,2,3},{}),(1,4,{1,2},{}),(3,1,{0,3},{}),S_1,S_14⊕2,S_1⊕3,S_27,S_29,S_6,S_7,S_7⊕3])"
15,"(4,0,{1,2,4},{},[(1,1,{0},{0,2}),(1,4,{0,1,2,3},{}),(1,4,{0,1,3},{}),(1,4,{1,3},{}),(3,1,{0,2,3},{}),(3,1,{0,3},{}),(3,1,{0},{0,2}),(3,2,{0,3},{}),(3,4,{0,1,3},{}),S_1,S_14⊕2,S_27,S_31,S_6])"
15,"(4,0,{1,2,4},{},[(1,4,{0,1,3},{}),(1,4,{0,1},{}),(3,1,{0,3},{}),(3,1,{0},{0,2}),(3,2,{0,3},{}),(3,3,{0},{0,1,2}),(3,4,{0,1,3},{}),S_1,S_12,S_14⊕2,S_27,S_31,S_6,S_9⊕3])"
15,"(4,0,{1,3,4},{},[(1,4,{0,1,3},{}),(2,1,{0},{0}),(2,4,{0,1,2,3},{}),(3,4,{0,1,3},{}),S_1,S_12⊕2,S_6,S_7⊕1])"
15,"(4,0,{1,4},{},[(1,1,{0},{0,2}),(1,4,{1,3},{}),(2,3,{0},{0,1}),(3,1,{0},{0,2}),(3,4,{1,3},{}),S_1,S_22,S_22⊕2,S_27,S_7⊕3])"
15,"(4,0,{4},{},[(1,4,{1},{}),(2,1,{0},{0}),S_1,S_2,S_22⊕2,S_7⊕3])"
15,"(4,5,{1,2,3},{},[(2,4,{0,1,2,3},{}),(3,4,{0,1,3},{}),S_12,S_14⊕1,S_1⊕1,S_29,S_9])"
14,"(0,3,{0,1,2},{},[S_13⊕1,S_14⊕1,S_18⊕1,S_2,S_6⊕1])"
14,"(0,3,{0,2},{},[S_14⊕1,S_2,S_27,S_29,S_31,S_6⊕1])"
14,"(1,0,{1,2},{},[(0,1,{0,3},{}),(0,1,{0},{2}),S_1,S_1⊕3,S_29])"
14,"(1,0,{1},{},[(0,1,{0,3},{}),(3,1,{0,2,3},{}),(3,1,{0,3},{}),(3,3,{0},{0,1}),(3,4,{0,3},{}),S_1,S_27])"
14,"(1,0,{1},{},[(2,2,{0},{1}),(2,3,{0},{0,1}),(3,1,{0},{0,2}),(3,2,{0},{0,1}),(3,4,{1,3},{}),S_1,S_1⊕3,S_22,S_22⊕2,S_27,S_30,S_7⊕3,S_9⊕3])"
14,"(1,0,{1},{},[(2,3,{0},{0,1}),(3,3,{2},{0,1,2}),S_1,S_12,S_22,S_22⊕2,S_7⊕3,S_8,S_9])"
14,"(1,0,{1},{},[(3,1,{0},{0,2}),(3,2,{0},{0,1}),(3,3,{2},{0,1,2}),(3,4,{1,3},{}),S_1,S_12,S_22,S_27,S_7⊕3,S_9⊕3])"
14,"(1,0,{2,4},{},[(3,3,{2},{0,2}),(3,4,{1,3},{}),S_1,S_12,S_29,S_5⊕1,S_8,S_9⊕3])"
14,"(1,2,{0,1,3},{},[S_1,S_12,S_14,S_19,S_6])"
14,"(1,4,{1,2},{},[S_11,S_19,S_22,S_2⊕1,S_4,S_8])"
14,"(2,0,{1,2,3},{},[(1,4,{0,1,3},{}),(1,4,{1,2,3},{}),(3,1,{0,2,3},{}),S_1,S_14⊕1,S_2,S_27,S_7⊕1])"
14,"(2,0,{1,2,4},{},[(1,1,{0},{0,2}),(1,4,{0,1,2,3},{}),(3,1,{0,2},{}),(3,1,{0,3},{}),(3,2,{0,3},{}),(3,4,{0,1,2,3},{}),(3,4,{0,1,3},{}),(3,4,{0,3},{}),S_1,S_27,S_6])"
14,"(2,0,{1,2,4},{},[(1,4,{0,1,3},{}),(3,1,{0,2,3},{}),(3,1,{0,3},{}),(3,3,{0},{0,1,2}),(3,4,{0,1,3},{}),S_1,S_12,S_27,S_6])"
14,"(2,0,{1,2},{},[(1,1,{0},{0,2}),(1,4,{0,1,3},{}),(3,1,{0,3},{}),(3,2,{0,3},{}),S_1,S_14⊕1,S_18⊕1,S_27,S_30,S_5⊕1])"
14,"(2,0,{1,2},{},[(1,4,{0,1,3},{}),(3,1,{0,3},{}),(3,4,{0,1,3},{}),S_1,S_14⊕1,S_2,S_27,S_29])"
14,"(2,0,{1,2},{},[(3,1,{0,3},{}),S_1,S_14⊕1,S_29,S_5⊕1,S_7⊕1])"
14,"(2,0,{1,2},{},[(3,2,{0,3},{}),(3,4,{0,3},{}),S_1,S_1⊕3,S_29,S_6,S_7⊕1])"
14,"(2,0,{1,2},{},[S_1,S_14⊕1,S_18⊕1,S_2,S_27,S_29,S_9⊕3])"
14,"(2,0,{1,4},{},[(1,1,{0},{0,2}),(1,4,{0,1,2,3},{}),(3,1,{0,2,3},{}),(3,1,{0,3},{}),(3,4,{0,1,3},{}),(3,4,{0,3},{}),S_1,S_12,S_27,S_6])"
14,"(2,0,{1},{1},[S_30,S_3⊕1,S_5⊕1])"
14,"(2,0,{2,4},{},[(3,3,{2},{0,2}),(3,4,{1,3},{}),S_1,S_12,S_1⊕3,S_2,S_7⊕3,S_9,S_9⊕1])"
14,"(2,2,{1},{1,3},[(3,1,{0},{0,2}),(3,3,{2},{0,2}),S_19,S_2,S_30,S_3⊕1,S_5⊕1])"
14,"(2,2,{3},{0,1,3},[(1,1,{0},{0,2}),(3,1,{0},{0,2}),(3,3,{0},{0,1,2}),(3,3,{2},{0,2}),S_19,S_2⊕1,S_3⊕1])"
14,"(2,2,{3},{3},[S_2,S_2⊕1,S_2⊕2,S_3⊕1])"
14,"(2,3,{0,1,2},{},[(3,1,{0,3},{}),(3,1,{0},{0,2}),(3,2,{0,3},{}),(3,4,{0,1,3},{}),S_1,S_14⊕1,S_27,S_31])"
14,"(2,3,{1,2},{},[(3,1,{0},{0,2}),(3,2,{0,3},{}),S_1,S_18⊕1,S_22⊕3,S_27,S_29,S_6⊕1])"
14,"(3,4,{3},{},[S_1,S_1⊕1,S_2⊕1,S_8,S_9])"
14,"(4,0,{1,2,3,4},{},[(3,3,{2},{0,2}),(3,4,{0,1,3},{}),S_1,S_12,S_14,S_14⊕1,S_14⊕2,S_18⊕1,S_7⊕1])"
14,"(4,0,{1,2,4},{},[(1,1,{0},{0,2}),(1,4,{0,1,2,3},{}),(1,4,{0,1,3},{}),(1,4,{1,3},{}),(3,2,{0,3},{}),(3,4,{0,1,3},{}),S_1,S_12⊕2,S_14⊕2,S_27,S_6])"
14,"(4,0,{1,2,4},{},[(2,1,{0},{0}),(2,4,{0,1,2,3},{}),(3,4,{0,1,3},{}),S_1,S_14⊕1,S_14⊕2,S_18⊕1,S_6,S_7⊕1])"
14,"(4,0,{1,2,4},{},[(2,4,{0,1,2,3},{}),S_1,S_14⊕1,S_29,S_31])"
14,"(4,0,{1,2,4},{},[(3,3,{2},{0,2}),(3,4,{0,1,3},{}),S_1,S_12,S_13⊕2,S_14⊕1,S_18⊕1,S_31])"
14,"(4,0,{1,2},{},[(3,1,{0,3},{}),S_1,S_11⊕1,S_14⊕1,S_14⊕2,S_31,S_5⊕1])"
14,"(4,2,{1},{0,1,3},[(1,1,{0},{0,2}),(2,3,{0},{0,1}),(3,3,{0},{0,1,2}),(3,3,{2},{0,2}),S_19,S_3⊕1])"
14,"(4,3,{1},{0,1},[(2,2,{0},{0,1}),(3,2,{0},{0,1}),S_1])"
14,"(4,4,{1},{0,2},[(3,1,{0},{0,2}),(3,2,{0},{0,1}),S_1,S_2,S_23,S_5⊕1])"
13,"(0,0,{1},{1},[(3,1,{0},{0,2}),S_2,S_30,S_5⊕1])"
13,"(0,3,{0,1,2},{},[(1,4,{0,1,3},{}),S_14⊕1,S_18⊕1,S_2,S_27,S_29,S_31,S_6⊕1])"
13,"(0,3,{0,2},{},[S_18⊕1,S_1⊕3,S_2,S_31,S_5⊕1,S_6⊕1])"
13,"(1,0,{1,2},{},[(2,4,{0,1,2,3},{}),(3,1,{0,3},{}),(3,4,{0,1,3},{}),(3,4,{0,3},{}),S_1,S_18⊕1,S_1⊕3,S_29,S_6])"
13,"(1,0,{1,2},{},[(3,1,{0,2,3},{}),(3,1,{0,3},{}),(3,2,{0},{0,1}),(3,4,{0,1,3},{}),S_1,S_12,S_14⊕2,S_18⊕1])"
13,"(1,0,{1},{},[(0,1,{0,3},{}),(0,1,{0},{2}),(2,1,{0},{0}),(3,1,{0,3},{}),(3,1,{0},{0,2}),S_1,S_30,S_5⊕1])"
13,"(1,0,{1},{},[(2,2,{0},{0,1}),(3,2,{0},{0,1}),(3,4,{2,3},{}),S_1,S_15,S_7⊕3,S_9,S_9⊕3])"
13,"(1,0,{1},{},[(3,1,{0},{0,2}),(3,2,{0},{0,1}),(3,3,{0},{0,1,2}),S_1,S_22,S_27,S_29,S_5⊕1,S_7⊕3,S_9⊕3])"
13,"(1,0,{1},{},[(3,1,{0},{0,2}),(3,3,{0},{0,1}),(3,3,{2},{0,1,2}),(3,4,{3},{}),S_1,S_12,S_22,S_27,S_7⊕3,S_9⊕3])"
13,"(1,0,{1},{},[S_1,S_12,S_23,S_9])"
13,"(1,2,{1,3},{},[S_1,S_12,S_3⊕1,S_4,S_8])"
13,"(1,4,{0,1,2,3},{},[S_1,S_6,S_7])"
13,"(1,4,{0,2},{},[S_12,S_1⊕3,S_23,S_29,S_30,S_3⊕1,S_5⊕1,S_9⊕3])"
13,"(1,4,{1},{},[S_12,S_2⊕1,S_6,S_9])"
13,"(2,0,{1,2,4},{},[(1,4,{0,1,3},{}),(3,1,{0,2,3},{}),(3,1,{0,3},{}),(3,1,{0},{0,2}),(3,2,{0,3},{}),(3,3,{0},{0,1,2}),(3,4,{0,1,3},{}),S_1,S_12,S_14⊕1,S_27,S_6])"
13,"(2,0,{1,2,4},{},[(1,4,{1,3},{}),(3,1,{0,2,3},{}),(3,1,{0,3},{}),(3,1,{0},{0,2}),(3,4,{0,1,2,3},{}),(3,4,{0,1,3},{}),(3,4,{0,3},{}),S_1,S_1⊕3,S_27,S_29,S_31,S_6,S_9⊕3])"
13,"(2,0,{1,2},{},[(3,1,{0},{0,2}),(3,3,{2},{0,2}),(3,4,{1,3},{}),(3,4,{3},{}),S_1,S_12,S_22,S_27,S_30,S_31,S_5⊕1,S_9⊕3])"
13,"(2,0,{1,2},{},[(3,1,{0},{0,2}),(3,4,{0,3},{}),S_1,S_18⊕1,S_1⊕3,S_21⊕1,S_23⊕1,S_29,S_30,S_31,S_9⊕3])"
13,"(2,0,{1},{1},[S_1,S_5⊕1])"
13,"(2,0,{1},{3},[(1,1,{0},{0,2}),(3,1,{0},{0,2}),(3,3,{2},{0,2}),S_1,S_23,S_30,S_5⊕1])"
13,"(2,0,{2,3},{},[(1,4,{1,3},{}),(1,4,{1},{}),(3,3,{2},{0,2}),S_1,S_2,S_29,S_7⊕3,S_9])"
13,"(2,0,{2},{},[(1,4,{1},{}),(3,4,{1,3},{}),S_1,S_2,S_27,S_31,S_5⊕1,S_9⊕3])"
13,"(2,0,{2},{},[(3,1,{0},{0,2}),S_1,S_1⊕3,S_27,S_31,S_9⊕3])"
13,"(2,2,{1},{0,1},[(3,3,{0},{0,1}),S_1,S_2,S_3⊕1,S_5⊕1])"
13,"(2,3,{0,1,2},{},[(1,4,{0,1,3},{}),(3,1,{0,3},{}),(3,1,{0},{0,2}),(3,2,{0,3},{}),(3,4,{0,1,3},{}),(3,4,{0,3},{}),S_1,S_18⊕1,S_27,S_29,S_6⊕1])"
13,"(2,3,{0,1,2},{},[(3,1,{0,3},{}),S_1,S_14⊕1,S_1⊕1,S_2])"
13,"(2,3,{0,1,2},{},[(3,4,{0,3},{}),S_1,S_18⊕1,S_30,S_31,S_6⊕1])"
13,"(2,3,{0,2},{},[S_1,S_1⊕3,S_29,S_31,S_6⊕1])"
13,"(2,3,{0,2},{},[S_1,S_27,S_29,S_31,S_9⊕3])"
13,"(2,3,{1,2},{},[(3,1,{0,3},{}),(3,1,{0},{0,2}),S_1,S_14⊕1,S_18⊕1,S_22⊕3,S_27,S_9⊕3])"
13,"(2,3,{1,2},{},[(3,1,{0,3},{}),S_1,S_14⊕1,S_18⊕1,S_5⊕1,S_6⊕1])"
13,"(4,0,{1,2,4},{},[(1,1,{0},{0,2}),(1,4,{0,1,3},{}),(3,1,{0,2,3},{}),(3,1,{0,3},{}),S_1,S_11⊕1,S_14⊕1,S_14⊕2,S_18⊕1,S_27,S_29,S_5⊕1])"
13,"(4,0,{1,2,4},{},[(2,1,{0},{0}),(2,4,{0,1,2,3},{}),(3,1,{0,3},{}),S_1,S_13⊕2,S_14⊕1,S_18⊕1,S_31])"
13,"(4,0,{1,4},{},[(1,1,{0},{0,2}),(1,4,{0,1,2,3},{}),(3,1,{0,2},{}),(3,4,{0,1,2,3},{}),(3,4,{0,1,3},{}),S_1,S_12⊕2,S_27,S_6])"
13,"(4,0,{1,4},{},[(1,1,{0},{0,2}),(1,4,{1,3},{}),(2,3,{2},{0,1}),(3,1,{0},{0,2}),(3,4,{1,3},{}),S_1,S_22,S_22⊕2,S_27,S_5⊕1,S_7⊕3])"
13,"(4,0,{1,4},{},[(1,1,{3},{}),(2,1,{0},{0}),(2,4,{2,3},{}),(3,1,{0,2,3},{}),S_14⊕1,S_6])"
13,"(4,0,{2,3},{},[(2,4,{2,3},{}),S_12,S_29,S_31,S_9])"
13,"(4,0,{3,4},{},[(3,3,{2},{0,2}),(3,4,{1,3},{}),S_1,S_12,S_2,S_22⊕2,S_8,S_9⊕1])"
13,"(4,2,{1},{1,3},[(2,1,{0},{0}),(3,1,{0},{0,2}),(3,3,{2},{0,2}),S_19,S_2,S_30,S_3⊕1,S_5⊕1])"
12,"(0,0,{1,2},{},[(1,1,{3},{}),S_14⊕1,S_18⊕1,S_27,S_31,S_5⊕1])"
12,"(0,1,{0,2},{},[S_1⊕1,S_1⊕3,S_29,S_6⊕1])"
12,"(0,3,{0,1,2},{},[(3,1,{0,3},{}),S_14⊕1,S_18⊕1,S_1⊕1,S_2])"
12,"(0,3,{0,1,2},{},[(3,1,{0,3},{}),S_14⊕1,S_18⊕1,S_2,S_27,S_29,S_31])"
12,"(0,3,{0,1,2},{},[S_14⊕1,S_1⊕1,S_2,S_31])"
12,"(0,3,{0,2},{},[(3,4,{1,3},{}),S_2,S_22⊕1,S_31,S_5⊕1])"
12,"(0,5,{0,1,2},{},[(1,4,{0,1,3},{}),S_14⊕1,S_1⊕1,S_2,S_7⊕1])"
12,"(1,0,{1,2,3,4},{},[(2,2,{0},{0,1}),(3,1,{0,2,3},{}),(3,1,{0,3},{}),(3,2,{0},{0,1}),(3,4,{0,1,3},{}),S_1,S_12,S_12⊕2,S_14,S_14⊕2,S_27])"
12,"(1,0,{1,2,3,4},{},[(2,2,{0},{0,1}),(3,1,{0,2,3},{}),(3,1,{0,3},{}),S_1,S_12,S_12⊕2,S_14,S_14⊕2,S_27,S_7])"
12,"(1,0,{1,2},{},[(3,1,{0,2,3},{}),(3,1,{0,3},{}),(3,1,{0},{0,2}),(3,4,{0,3},{}),S_12,S_18⊕1,S_1⊕3])"
12,"(1,0,{1,3},{},[(3,1,{0,3},{}),(3,2,{0,3},{}),(3,3,{0},{0,1,2}),S_1,S_12,S_14⊕2,S_6])"
12,"(1,0,{1},{},[(2,2,{0},{0,1}),(3,2,{0},{0,1}),(3,4,{2,3},{}),S_1,S_15,S_22⊕2,S_7⊕3,S_9])"
12,"(1,0,{1},{},[(2,3,{0},{0,1}),(3,3,{0},{0,1,2}),(3,3,{2},{0,1,2}),(3,4,{1,3},{}),S_1,S_12,S_22,S_22⊕2,S_27,S_7⊕3,S_9,S_9⊕3])"
12,"(1,0,{1},{},[(3,1,{0,3},{}),S_1,S_1⊕3,S_29,S_9⊕3])"
12,"(1,0,{1},{},[S_1,S_12,S_3⊕1,S_6])"
12,"(1,2,{1,3},{},[(3,1,{0,3},{}),(3,1,{0},{0,2}),S_1,S_12,S_21,S_22⊕3])"
12,"(2,0,{1,2,4},{},[(1,1,{0},{0,2}),(1,4,{1,3},{}),(3,1,{0},{0,2}),(3,4,{1,3},{}),S_1,S_1⊕3,S_2,S_27,S_30,S_31,S_7⊕3])"
12,"(2,0,{1,2},{},[(1,1,{0},{0,2}),(1,4,{0,1,3},{}),(3,1,{0,3},{}),(3,4,{0,3},{}),S_1,S_14⊕1,S_18⊕1,S_1⊕3,S_27])"
12,"(2,0,{1,2},{},[(1,1,{0},{0,2}),(1,4,{1,3},{}),(3,1,{0},{0,2}),S_1,S_1⊕3,S_2,S_27,S_29,S_30,S_31,S_5⊕1,S_9⊕3])"
12,"(2,0,{1,2},{},[(1,1,{0},{0,2}),(1,4,{1,3},{}),(3,1,{0},{0,2}),S_1,S_1⊕3,S_2,S_27,S_29,S_31,S_5⊕1,S_9⊕3])"
12,"(2,0,{1,2},{},[(1,4,{0,1,2,3},{}),(3,1,{0,3},{}),(3,4,{0,3},{}),S_1,S_18⊕1,S_27,S_29,S_31,S_6,S_9⊕3])"
12,"(2,0,{1,2},{},[(1,4,{0,1,3},{}),(3,1,{0,3},{}),S_1,S_18⊕1,S_2,S_29])"
12,"(2,0,{1,4},{},[(1,4,{0,1,2,3},{}),(3,1,{0,2},{}),(3,1,{0,3},{}),(3,1,{0},{0,2}),(3,4,{0,1,2,3},{}),(3,4,{0,1,3},{}),(3,4,{0,3},{}),S_1,S_12,S_27,S_6])"
12,"(2,0,{2,4},{},[(1,1,{3},{}),(3,3,{2},{0,2}),S_1,S_12,S_1⊕3,S_31,S_9⊕3])"
12,"(2,0,{2},{},[(1,1,{3},{}),(3,1,{0,3},{}),S_1,S_14⊕1,S_29,S_31,S_5⊕1])"
12,"(2,2,{1},{},[(1,1,{0},{0,2}),(3,1,{0},{0,2}),(3,3,{0},{0,1}),(3,3,{2},{0,2}),S_1,S_19,S_27,S_3⊕1])"
12,"(2,3,{0,2},{},[(1,1,{3},{}),S_1,S_29,S_31,S_5⊕1])"
12,"(3,2,{3},{0,1},[(2,3,{2},{0,1}),S_2,S_2⊕1,S_3⊕1])"
12,"(3,3,{1},{0},[(2,2,{0},{1}),S_1,S_2])"
12,"(4,0,{1,2,3,4},{},[(3,2,{0,3},{}),(3,4,{0,1,3},{}),S_1,S_14⊕1,S_14⊕2,S_2,S_7,S_7⊕1])"
12,"(4,0,{1,2,4},{},[(1,4,{0,1,3},{}),(2,1,{0},{0}),(2,4,{0,1,2,3},{}),(3,1,{0,2,3},{}),(3,1,{0,3},{}),(3,4,{0,1,3},{}),S_1,S_14⊕1,S_14⊕2,S_18⊕1,S_6])"
12,"(4,0,{1,2,4},{},[(1,4,{1,3},{}),(3,1,{0,3},{}),(3,1,{0},{0,2}),(3,4,{0,1,3},{}),(3,4,{0,3},{}),S_1,S_14⊕2,S_1⊕3,S_27])"
12,"(4,0,{1},{3},[(1,1,{0},{0,2}),(2,1,{0},{0}),(3,1,{0},{0,2}),S_1,S_30,S_5⊕1])"
12,"(4,2,{0,1,4},{},[(1,4,{0,1,2,3},{}),(1,4,{0,1,3},{}),(2,4,{0,1,2,3},{}),(3,4,{0,1,3},{}),S_1,S_6⊕1])"
12,"(4,3,{0,1,2,4},{},[(2,4,{0,1,2,3},{}),(3,4,{0,1,3},{}),(3,4,{0,3},{}),S_1,S_18⊕1,S_1⊕1,S_29])"
12,"(4,3,{1},{1,2},[(2,1,{0},{0}),(3,1,{0},{0,2}),S_19,S_2])"
12,"(4,4,{1},{0,1,2,3},[(2,1,{0},{0}),(2,2,{0},{0,1}),(3,3,{0},{0,1,2}),S_19,S_2])"
12,"(4,4,{3},{0,3},[(3,2,{0},{0,1}),(3,3,{2},{0,2}),S_15,S_2,S_5,S_5⊕1])"
11,"(0,3,{0,2},{},[S_14⊕1,S_18⊕1,S_1⊕3,S_2,S_27,S_29,S_31,S_5⊕1,S_9⊕3])"
11,"(0,3,{0,2},{},[S_1⊕1,S_2,S_31])"
11,"(1,0,{1,2,3,4},{},[(2,2,{0},{0,1}),(3,1,{0,2,3},{}),(3,1,{0,3},{}),(3,2,{0},{0,1}),S_1,S_12,S_12⊕2,S_14,S_14⊕2,S_27,S_7])"
11,"(1,0,{1,2,3},{},[(2,2,{0},{0,1}),(3,1,{0,3},{}),(3,4,{0,1,3},{}),S_1,S_12⊕2,S_14])"
11,"(1,0,{1,2},{},[(2,4,{0,1,2,3},{}),(3,1,{0,3},{}),(3,4,{0,1,3},{}),S_1,S_18⊕1,S_1⊕3,S_29,S_6])"
11,"(1,0,{1,3},{},[S_1,S_21,S_27,S_2⊕2,S_30,S_3⊕1])"
11,"(1,0,{1,4},{},[(0,1,{0,3},{}),(3,1,{0,2,3},{}),(3,1,{0,3},{}),(3,1,{0},{0,2}),(3,4,{0,1,2,3},{}),(3,4,{0,1,3},{}),(3,4,{0,3},{}),S_1,S_27])"
11,"(1,0,{1},{},[(0,1,{0,3},{}),(3,1,{0,3},{}),(3,1,{0},{0,2}),(3,2,{0,3},{}),S_1,S_27,S_30])"
11,"(1,0,{1},{},[(0,1,{3},{}),(3,1,{0},{0,2}),(3,3,{0},{0,1}),(3,3,{0},{1,2}),(3,4,{3},{}),S_1,S_27,S_7⊕3,S_9⊕3])"
11,"(1,0,{1},{},[(2,2,{0},{0,1}),S_1,S_15,S_22⊕2,S_9])"
11,"(1,0,{1},{},[(2,4,{2,3},{}),(3,1,{0,3},{}),S_1,S_14⊕2,S_1⊕3,S_29,S_9⊕3])"
11,"(1,0,{1},{},[(3,1,{0},{0,2}),(3,3,{0},{0,1,2}),(3,3,{0},{0,1}),S_1,S_12,S_22,S_27,S_29,S_5⊕1,S_7⊕3,S_9⊕3])"
11,"(1,0,{1},{},[S_1,S_6])"
11,"(1,2,{1},{0},[S_1,S_23,S_2⊕2,S_30,S_3⊕1])"
11,"(1,2,{1},{},[S_1,S_15,S_22,S_2⊕1,S_3⊕1,S_8])"
11,"(1,4,{0,1,3},{},[S_1,S_12,S_19,S_6,S_7])"
11,"(1,4,{0,1,3},{},[S_1,S_6,S_7])"
11,"(1,4,{1,3},{},[S_1,S_12,S_3⊕1,S_5,S_8,S_9])"
11,"(2,0,{1,2,4},{},[(1,1,{0},{0,2}),(1,4,{1,3},{}),(3,1,{0},{0,2}),(3,3,{0},{1,2}),(3,4,{3},{}),S_1,S_27,S_30,S_7⊕3,S_9⊕3])"
11,"(2,0,{1,2,4},{},[(1,4,{1,2,3},{}),(3,1,{0,3},{}),S_1,S_14⊕1,S_2,S_27,S_29,S_31,S_7⊕1])"
11,"(2,0,{1,2,4},{},[(1,4,{1,2},{}),(3,1,{0,3},{}),S_1,S_27,S_29,S_31,S_9⊕3])"
11,"(2,0,{1,2,4},{},[(1,4,{1,3},{}),(3,1,{0},{0,2}),(3,3,{0},{0,1,2}),(3,3,{0},{0,1}),S_1,S_1⊕3,S_22,S_27,S_31,S_7⊕3,S_9,S_9⊕3])"
11,"(2,0,{1,2},{},[(1,1,{0},{0,2}),(1,4,{1,3},{}),(3,1,{0},{0,2}),S_1,S_1⊕3,S_2,S_27,S_29,S_30,S_31,S_5⊕1,S_7⊕3,S_9⊕3])"
11,"(2,0,{1,2},{},[(1,1,{3},{}),(3,1,{0,3},{}),(3,1,{0},{0,2}),(3,4,{0,1,3},{}),S_1,S_14⊕1,S_18⊕1,S_27,S_31])"
11,"(2,0,{1,2},{},[(1,1,{3},{}),(3,1,{0,3},{}),S_1,S_1⊕3,S_29,S_31,S_5⊕1,S_9⊕3])"
11,"(2,0,{1,2},{},[(3,1,{0,3},{}),S_1,S_14⊕1,S_29,S_31,S_5⊕1])"
11,"(2,0,{1,2},{},[(3,1,{0,3},{}),S_1,S_18⊕1,S_2,S_3⊕1,S_7⊕1])"
11,"(2,0,{1,4},{},[(1,4,{0,1},{}),(3,1,{0,2,3},{}),(3,1,{0,2},{}),(3,1,{0,3},{}),(3,1,{0},{0,2}),(3,4,{0,1,3},{}),S_1,S_12,S_21,S_6])"
11,"(2,0,{1},{1,3},[(1,1,{0},{0,2}),(3,1,{0},{0,2}),S_1,S_2,S_30,S_5⊕1])"
11,"(2,0,{1},{1},[S_1,S_2,S_5⊕1])"
11,"(2,0,{2},{},[(1,4,{1},{}),S_1,S_2,S_29,S_30,S_9⊕3])"
11,"(2,0,{2},{},[(3,4,{1,3},{}),S_1,S_1⊕3,S_2,S_29,S_30,S_9⊕1])"
11,"(2,0,{2},{},[S_1,S_14⊕1,S_1⊕3,S_29])"
11,"(2,0,{2},{},[S_1,S_1⊕3,S_29,S_31])"
11,"(2,2,{1},{1,3},[(1,1,{0},{0,2}),(3,1,{0},{0,2}),(3,3,{0},{0,1,2}),(3,3,{2},{0,2}),S_19,S_3⊕1])"
11,"(2,3,{0,1,2,4},{},[(1,4,{0,1,2,3},{}),(1,4,{0,1,3},{}),(3,1,{0,2,3},{}),(3,1,{0},{0,2}),(3,2,{0,3},{}),(3,4,{0,1,3},{}),S_1,S_27,S_6,S_6⊕1])"
11,"(2,3,{0,2},{},[(3,4,{3},{}),S_1,S_22⊕1,S_30,S_31])"
11,"(2,3,{1,2},{},[S_1,S_1⊕3,S_29,S_6⊕1])"
11,"(2,4,{0,1,2},{},[(3,1,{0,3},{}),S_12,S_18⊕1,S_22⊕3,S_29,S_31,S_5⊕1])"
11,"(3,0,{1,2,3},{},[S_1,S_14⊕1,S_14⊕2,S_2,S_31,S_7⊕1])"
11,"(4,0,{1,2,4},{},[(1,1,{0,3},{}),(2,4,{1,2,3},{}),(3,1,{0,2,3},{}),(3,1,{0,3},{}),S_1,S_11⊕1,S_14⊕1,S_1⊕3,S_2,S_27,S_29,S_31,S_5⊕1,S_9⊕3])"
11,"(4,0,{1,2,4},{},[(1,4,{0,1,2,3},{}),(1,4,{1,2},{}),(3,1,{0,3},{}),(3,4,{0,3},{}),S_1,S_14⊕2,S_1⊕3,S_27,S_31,S_6,S_7⊕3])"
11,"(4,0,{1,2,4},{},[(1,4,{0,1,3},{}),(1,4,{1,2,3},{}),(2,1,{0},{0}),S_1,S_18⊕1,S_27,S_29,S_5⊕1])"
11,"(4,0,{1,4},{},[(1,1,{0},{0,2}),(1,4,{1,3},{}),(2,3,{2},{0,1}),(3,1,{0},{0,2}),(3,4,{1,3},{}),S_1,S_22,S_22⊕2,S_27,S_7⊕3])"
11,"(4,0,{1,4},{},[(1,4,{0,1,2,3},{}),(1,4,{1,2},{}),(2,4,{2,3},{}),S_1,S_14⊕2,S_22⊕2,S_27,S_6])"
11,"(4,3,{1,2,4},{},[(1,4,{0,1,2,3},{}),(1,4,{0,1,3},{}),(2,4,{0,1,2,3},{}),(3,4,{0,1,3},{}),(3,4,{0,3},{}),S_1,S_29,S_6,S_6⊕1])"
11,"(4,4,{1},{0,2},[(3,1,{0},{0,2}),(3,2,{0},{0,1}),(3,3,{0},{0,1,2}),S_1,S_2,S_23,S_5⊕1])"
11,"(4,4,{2},{0,1,2,3},[(2,2,{0},{0,1}),(3,1,{0},{0,2}),(3,3,{0},{0,1,2}),S_2,S_2⊕1])"
10,"(0,0,{2},{},[(1,1,{0},{0,2}),(1,1,{3},{}),(3,1,{0,3},{}),S_27,S_31])"
10,"(0,3,{0,1,2},{},[(1,1,{0,3},{}),(1,4,{0,1,3},{}),(1,4,{0,3},{}),(3,1,{0,3},{}),(3,1,{0},{0,2}),(3,2,{0,3},{}),(3,4,{0,1,3},{}),S_14⊕1,S_18⊕1,S_27,S_29,S_6⊕1])"
10,"(0,3,{0,1,2},{},[S_13⊕1,S_14⊕1,S_18⊕1,S_5⊕1,S_6⊕1])"
10,"(0,3,{0,2,4},{},[S_11⊕1,S_27,S_29,S_31,S_9⊕3])"
10,"(0,3,{0,2},{},[(1,1,{0},{0,2}),(1,4,{1,3},{}),S_1⊕3,S_2,S_27,S_29,S_31,S_5⊕1,S_9⊕3])"
10,"(0,3,{0,2},{},[(3,1,{0,3},{}),S_18⊕1,S_31,S_5⊕1])"
10,"(0,3,{0,2},{},[S_14⊕1,S_1⊕1,S_2,S_29,S_31])"
10,"(0,3,{0,4},{},[(1,1,{0},{0,2}),(1,4,{1,2},{}),(1,4,{1,3},{}),(3,1,{0},{0,2}),(3,4,{1,3},{}),S_1⊕3,S_2,S_27,S_29,S_31,S_7⊕3])"
10,"(1,0,{1,2},{},[(2,4,{0,1,2,3},{}),(3,1,{0,3},{}),(3,4,{0,1,3},{}),(3,4,{0,3},{}),S_1,S_1⊕3,S_6])"
10,"(1,0,{1,2},{},[(3,1,{0,2,3},{}),(3,1,{0,3},{}),(3,3,{0},{0,1}),S_1,S_14⊕2,S_1⊕3,S_27])"
10,"(1,0,{1,2},{},[(3,1,{0,3},{}),(3,1,{0},{0,2}),S_1,S_18⊕1,S_1⊕3,S_29])"
10,"(1,0,{1,2},{},[(3,1,{0},{0,2}),(3,3,{2},{0,2}),(3,4,{1,3},{}),(3,4,{3},{}),S_1,S_12,S_27,S_9⊕3])"
10,"(1,0,{1,2},{},[(3,3,{2},{0,2}),(3,4,{1,3},{}),S_1,S_12,S_1⊕3,S_9,S_9⊕3])"
10,"(1,0,{1},{},[(0,1,{3},{}),S_1,S_1⊕3,S_27,S_30,S_5⊕1])"
10,"(1,0,{1},{},[(2,4,{2,3},{}),(3,1,{0,3},{}),S_1,S_1⊕3,S_8])"
10,"(1,0,{3},{},[S_13,S_6])"
10,"(1,3,{1,2},{},[(2,2,{0},{1}),S_1,S_27,S_2⊕1])"
10,"(1,4,{0,1},{},[(0,1,{0,3},{}),S_12,S_19,S_1⊕3,S_22⊕3,S_3⊕1])"
10,"(2,0,{1,2,4},{},[(1,1,{0,3},{}),(1,1,{0},{0,2}),(1,4,{0,1,2,3},{}),(1,4,{0,1,3},{}),(1,4,{0,3},{}),(3,1,{0,2,3},{}),(3,1,{0,3},{}),(3,1,{0},{0,2}),(3,2,{0,3},{}),(3,4,{0,1,3},{}),(3,4,{0,3},{}),S_1,S_18⊕1,S_27,S_6])"
10,"(2,0,{1,2,4},{},[(1,4,{0,1},{}),(3,1,{0,3},{}),S_1,S_14⊕1,S_2,S_29,S_7⊕1])"
10,"(2,0,{1,2,4},{},[(1,4,{1,3},{}),(3,4,{0,1,3},{}),S_1,S_14⊕1,S_18⊕1,S_2,S_27,S_29,S_5⊕1,S_7⊕1])"
10,"(2,0,{1,2},{},[(0,1,{0,3},{}),(1,1,{0},{0,2}),(1,4,{0,1,3},{}),(1,4,{0,1},{}),(3,1,{0,3},{}),S_1,S_1⊕3,S_2,S_27,S_29,S_31,S_5⊕1,S_9⊕3])"
10,"(2,0,{1,2},{},[(0,1,{0,3},{}),(1,1,{0},{0,2}),(1,4,{0,1},{}),(3,1,{0,3},{}),S_1,S_14⊕1,S_18⊕1,S_1⊕3,S_2,S_27,S_29,S_31,S_5⊕1,S_9⊕3])"
10,"(2,0,{1,2},{},[(1,1,{3},{}),(3,1,{0,3},{}),S_1,S_14⊕1,S_27,S_29,S_30])"
10,"(2,0,{1,2},{},[(1,4,{1,2,3},{}),(3,1,{0,3},{}),S_1,S_14⊕1,S_18⊕1,S_2,S_27,S_7⊕1])"
10,"(2,0,{1,2},{},[(1,4,{1,2},{}),(3,1,{0,3},{}),S_1,S_11⊕1,S_27,S_29,S_31,S_9⊕3])"
10,"(2,0,{1,2},{},[(3,1,{0,3},{}),S_1,S_13⊕1,S_14⊕1,S_18⊕1,S_2,S_5⊕1,S_7⊕1])"
10,"(2,0,{1,2},{},[(3,1,{0,3},{}),S_1,S_16⊕1,S_3⊕1,S_5⊕1,S_7⊕1])"
10,"(2,0,{1,4},{},[(1,1,{0},{0,2}),(1,4,{0,1,2,3},{}),(3,1,{0,2,3},{}),(3,1,{0,2},{}),(3,1,{0,3},{}),(3,4,{0,1,2,3},{}),(3,4,{0,1,3},{}),S_1,S_27,S_6])"
10,"(2,0,{2},{},[S_1,S_16⊕1,S_18⊕1,S_31,S_5⊕1,S_9⊕3])"
10,"(2,0,{2},{},[S_1,S_2,S_22⊕1,S_29,S_5⊕1,S_9⊕1,S_9⊕3])"
10,"(2,3,{0,1,2},{},[(1,4,{0,1,3},{}),(3,4,{0,1,3},{}),(3,4,{0,3},{}),S_1,S_18⊕1,S_2,S_27,S_29,S_6⊕1])"
10,"(2,3,{0,1,2},{},[(3,1,{0,3},{}),(3,1,{0},{0,2}),S_1,S_22⊕3,S_27,S_29,S_31])"
10,"(2,3,{0,1,2},{},[(3,1,{0,3},{}),(3,4,{0,3},{}),S_1,S_14⊕1,S_18⊕1,S_1⊕1,S_2])"
10,"(2,3,{0,2},{},[(0,1,{3},{}),S_2,S_27,S_29,S_31,S_5⊕1,S_9⊕3])"
10,"(2,3,{0,2},{},[(3,1,{0},{0,2}),S_1,S_1⊕1,S_29,S_31])"
10,"(2,3,{0,2},{},[S_1,S_1⊕1,S_29,S_31])"
10,"(2,3,{0,2},{},[S_1,S_2,S_30,S_31,S_9⊕3])"
10,"(2,3,{1,2},{},[(3,1,{0,3},{}),(3,4,{0,1},{}),(3,4,{0,3},{}),S_1,S_18⊕1,S_2,S_22⊕3])"
10,"(2,3,{1,2},{},[(3,1,{0},{0,2}),(3,4,{0,3},{}),S_1,S_18⊕1,S_1⊕3,S_2,S_22⊕3,S_27,S_29,S_30,S_31,S_6⊕1])"
10,"(2,3,{1,2},{},[(3,2,{0,3},{}),S_1,S_14⊕1,S_1⊕1,S_2,S_29])"
10,"(3,0,{2,4},{},[(1,1,{3},{}),(2,1,{0},{0}),(2,4,{2,3},{}),S_1,S_31])"
10,"(3,0,{3,4},{},[(1,4,{1,3},{}),(1,4,{1},{}),(2,1,{0},{0}),S_1,S_2,S_22⊕2])"
10,"(4,0,{1,2,3},{},[(1,3,{0,1,2},{}),(3,1,{0,2,3},{}),S_1,S_12⊕2,S_2,S_7])"
10,"(4,0,{1,2,4},{},[(1,1,{0},{0,2}),(1,4,{0,1,2,3},{}),(1,4,{0,1,3},{}),(1,4,{1,3},{}),(3,1,{0,2,3},{}),(3,1,{0,3},{}),(3,2,{0,3},{}),(3,4,{0,1,3},{}),S_1,S_14⊕2,S_27,S_6])"
10,"(4,0,{1,2,4},{},[(1,1,{3},{}),(2,1,{0},{0}),(2,4,{2,3},{}),S_1,S_31,S_9⊕3])"
10,"(4,0,{1,2,4},{},[(1,4,{0,1,3},{}),(2,1,{0},{0}),(2,4,{0,1,2,3},{}),(3,1,{0,2,3},{}),(3,4,{0,1,3},{}),S_1,S_12,S_18⊕1,S_9])"
10,"(4,0,{1,2,4},{},[(2,1,{0},{0}),(2,4,{0,1,2,3},{}),(3,1,{0,2,3},{}),(3,4,{0,1,3},{}),S_1,S_12,S_18⊕1,S_7⊕1,S_9])"
10,"(4,0,{1,2,4},{},[(3,1,{0,3},{}),S_1,S_11⊕1,S_14⊕1,S_14⊕2,S_2,S_31])"
10,"(4,0,{1,4},{},[(1,4,{0,1,3},{}),(2,1,{0},{0}),(2,4,{0,1,2,3},{}),(3,1,{0,2,3},{}),(3,4,{0,1,3},{}),S_1,S_12⊕2,S_6])"
10,"(4,0,{2,4},{},[(3,3,{2},{0,2}),(3,4,{1,3},{}),S_1,S_12,S_2,S_29,S_7⊕3,S_8,S_9⊕1])"
10,"(4,3,{2,4},{},[(1,4,{1,3},{}),(2,4,{2,3},{}),S_1,S_1⊕3,S_29,S_31,S_6⊕1])"
10,"(4,3,{2,4},{},[(1,4,{1,3},{}),(2,4,{2,3},{}),S_1,S_1⊕3,S_29,S_6,S_6⊕1])"
10,"(4,5,{2,4},{},[S_1,S_1⊕1,S_1⊕3,S_29,S_8])"
9,"(0,3,{0,1,2},{},[S_13⊕1,S_14⊕1,S_1⊕3,S_2,S_31,S_6⊕1])"
9,"(0,3,{0,2},{},[(1,1,{0},{0,2}),(1,1,{3},{}),(1,4,{1,3},{}),(3,1,{0},{0,2}),(3,4,{1,3},{}),S_11⊕1,S_1⊕3,S_2,S_27,S_29,S_31,S_9⊕3])"
9,"(1,0,{1,2,3,4},{},[(2,2,{0},{0,1}),(3,1,{0,2,3},{}),(3,1,{0,3},{}),(3,4,{0,1,3},{}),S_1,S_12,S_12⊕2,S_14,S_14⊕2,S_27])"
9,"(1,0,{1,2},{},[(2,2,{0},{0,1}),(3,1,{0,2,3},{}),(3,1,{0,3},{}),(3,2,{0},{0,1}),(3,4,{0,1,3},{}),S_1,S_12,S_14⊕2,S_18⊕1,S_27])"
9,"(1,0,{1,2},{},[(3,1,{0,2,3},{}),(3,1,{0,3},{}),(3,1,{0},{0,2}),S_1,S_14⊕2,S_27,S_29])"
9,"(1,0,{1},{3},[(3,3,{2},{0,2}),S_23,S_30,S_3⊕1])"
9,"(1,0,{1},{},[(2,2,{0},{0,1}),S_1,S_15,S_7⊕3,S_9,S_9⊕3])"
9,"(1,0,{1},{},[(3,3,{0},{1,2}),S_1,S_27,S_7⊕3])"
9,"(1,0,{1},{},[S_1,S_12,S_23,S_3⊕1,S_9])"
9,"(1,0,{1},{},[S_1,S_27,S_3⊕1,S_6])"
9,"(1,2,{1},{},[S_11,S_22,S_2⊕1])"
9,"(1,2,{3},{},[S_1,S_11,S_22,S_3⊕1,S_4,S_5,S_8])"
9,"(2,0,{1,2,3,4},{},[(1,3,{0,1,2},{}),(3,4,{0,1,3},{}),S_7,S_7⊕1])"
9,"(2,0,{1,2,4},{},[(1,1,{0},{0,2}),(1,4,{1,2},{}),(1,4,{1,3},{}),(3,1,{0},{0,2}),(3,4,{1,3},{}),(3,4,{3},{}),S_1,S_1⊕3,S_27,S_29,S_7⊕3,S_9⊕3])"
9,"(2,0,{1,2,4},{},[(1,4,{1,3},{}),(3,1,{0},{0,2}),(3,3,{0},{0,1,2}),(3,3,{0},{0,1}),(3,4,{1,3},{}),S_1,S_1⊕3,S_22,S_27,S_31,S_7⊕3,S_9,S_9⊕3])"
9,"(2,0,{1,2},{},[(0,1,{0,3},{}),(1,1,{0},{0,2}),(1,4,{0,1,3},{}),(3,1,{0,3},{}),(3,2,{0,3},{}),(3,4,{0,3},{}),S_1,S_14⊕1,S_18⊕1,S_1⊕3,S_27,S_5⊕1])"
9,"(2,0,{1,2},{},[(0,1,{0,3},{}),(1,1,{0},{0,2}),(1,4,{0,1},{}),(3,1,{0,3},{}),S_1,S_14⊕1,S_18⊕1,S_1⊕3,S_2,S_27,S_29,S_31,S_9⊕3])"
9,"(2,0,{1,2},{},[(0,1,{0,3},{}),S_1,S_1⊕3,S_29,S_31,S_9⊕3])"
9,"(2,0,{1,2},{},[(1,1,{0},{0,2}),(1,4,{0,1,3},{}),(3,1,{0,3},{}),S_1,S_11⊕1,S_14⊕1,S_18⊕1,S_1⊕3,S_27,S_5⊕1])"
9,"(2,0,{1,2},{},[(1,1,{3},{}),(1,4,{0,1,3},{}),(1,4,{1,2,3},{}),(3,1,{0,3},{}),(3,1,{0},{0,2}),S_1,S_18⊕1,S_27,S_29,S_30])"
9,"(2,0,{1,2},{},[(1,4,{1,2,3},{}),(1,4,{1,3},{}),(3,1,{0,3},{}),S_1,S_14⊕1,S_18⊕1,S_2,S_27,S_5⊕1,S_7⊕1])"
9,"(2,0,{1,2},{},[(1,4,{1,2},{}),(3,1,{0,3},{}),S_1,S_12,S_27,S_29,S_9⊕3])"
9,"(2,0,{1,2},{},[(3,1,{0,3},{}),(3,4,{0,3},{}),S_12,S_27,S_31,S_9⊕3])"
9,"(2,0,{1,2},{},[(3,1,{0},{0,2}),(3,3,{2},{0,2}),(3,4,{1,3},{}),(3,4,{3},{}),S_1,S_12,S_22,S_27,S_31,S_5⊕1,S_9⊕3])"
9,"(2,0,{1,2},{},[(3,2,{0,3},{}),(3,4,{0,3},{}),S_1,S_1⊕3,S_27,S_29,S_30,S_31,S_9⊕3])"
9,"(2,0,{1},{},[(0,1,{0,3},{}),(0,1,{0},{2}),(1,1,{0},{0,2}),(3,1,{0,3},{}),S_1,S_27,S_30,S_5⊕1])"
9,"(2,0,{2,3},{},[(1,4,{1,3},{}),(1,4,{1},{}),(3,4,{1,3},{}),S_1,S_2,S_31,S_5⊕1,S_7⊕3])"
9,"(2,0,{2,4},{},[(3,3,{2},{0,2}),(3,4,{1,3},{}),S_1,S_12,S_2,S_29,S_5⊕1,S_7⊕3,S_9,S_9⊕1])"
9,"(2,0,{2},{},[(1,1,{3},{}),S_1,S_1⊕3,S_29,S_31,S_5⊕1])"
9,"(2,0,{2},{},[(3,3,{2},{0,2}),(3,4,{1,3},{}),S_1,S_12,S_22⊕1,S_29,S_5⊕1,S_9,S_9⊕3])"
9,"(2,2,{1},{3},[(3,3,{2},{0,2}),S_19,S_2,S_30,S_3⊕1])"
9,"(2,3,{0,1,2},{},[S_1,S_14⊕1,S_18⊕1,S_1⊕1,S_2])"
9,"(2,3,{0,1,2},{},[S_1,S_18⊕1,S_5⊕1,S_6⊕1])"
9,"(2,3,{1,2},{},[S_1,S_14⊕1,S_18⊕1,S_5⊕1,S_6⊕1])"
9,"(2,3,{2},{},[S_1,S_1⊕1,S_1⊕3,S_27,S_29])"
9,"(2,5,{0,1,2},{},[(1,4,{0,1,3},{}),(3,1,{0,3},{}),(3,1,{0},{0,2}),(3,4,{0,1,3},{}),(3,4,{0,3},{}),S_12,S_18⊕1,S_22⊕3,S_27,S_29])"
9,"(2,5,{1,2},{},[(3,4,{0,3},{}),S_1,S_14⊕1,S_1⊕1,S_29,S_7⊕1])"
9,"(2,5,{2,4},{},[(3,4,{3},{}),S_12,S_1⊕1,S_1⊕3,S_27,S_29])"
9,"(3,5,{0,1,2,3},{},[(2,4,{0,1,2,3},{}),S_1,S_14⊕1,S_1⊕1,S_7⊕1])"
9,"(4,0,{1,2,4},{},[(1,1,{0,3},{}),(1,4,{0,1,3},{}),(1,4,{0,1},{}),(3,1,{0,3},{}),(3,2,{0,3},{}),S_1,S_14⊕1,S_14⊕2,S_18⊕1,S_2,S_29,S_5⊕1])"
9,"(4,0,{1,2,4},{},[(1,1,{0,3},{}),(2,1,{0},{0}),(2,4,{1,2,3},{}),(3,1,{0,2,3},{}),(3,1,{0,3},{}),(3,1,{0},{0,2}),S_1,S_11⊕1,S_14⊕2,S_27,S_29,S_30,S_9⊕3])"
9,"(4,0,{1,2,4},{},[(1,1,{0},{0,2}),(1,1,{3},{}),(1,4,{1,2,3},{}),(3,1,{0,2,3},{}),(3,1,{0,3},{}),S_1,S_11⊕1,S_14⊕1,S_14⊕2,S_27,S_29,S_30])"
9,"(4,0,{1,2,4},{},[(1,1,{0},{0,2}),(1,4,{0,1,3},{}),(3,1,{0,2,3},{}),(3,1,{0,3},{}),(3,1,{0},{0,2}),S_1,S_14⊕2,S_18⊕1,S_1⊕3,S_27,S_29,S_31,S_5⊕1,S_9⊕3])"
9,"(4,0,{1,2,4},{},[(1,4,{0,1,3},{}),(1,4,{0,1},{}),(3,1,{0,2,3},{}),(3,1,{0,3},{}),(3,2,{0,3},{}),S_1,S_11⊕1,S_14⊕1,S_14⊕2,S_1⊕3,S_2,S_27])"
9,"(4,0,{1,2,4},{},[(2,1,{0},{0}),(2,4,{0,1,2,3},{}),S_1,S_13⊕2,S_14⊕1,S_18⊕1,S_31])"
9,"(4,0,{1,4},{},[(1,1,{0,3},{}),(2,1,{0},{0}),(3,1,{0,3},{}),S_1,S_14⊕2,S_29,S_5⊕1,S_9⊕3])"
9,"(4,0,{1},{1},[(2,1,{0},{0}),(3,1,{0},{0,2}),S_2,S_3⊕1])"
8,"(0,2,{0,1,3},{},[(1,3,{0,1,2},{})])"
8,"(0,3,{0,1,2},{},[(3,1,{0,3},{}),S_14⊕1,S_18⊕1,S_29,S_31,S_5⊕1])"
8,"(0,3,{0,1,2},{},[(3,4,{0,3},{}),S_18⊕1,S_1⊕1,S_27,S_31])"
8,"(0,5,{0,2},{},[(1,4,{1,3},{}),S_2,S_22⊕1,S_29,S_5⊕1,S_9⊕1])"
8,"(1,0,{1,2},{},[(0,1,{0,3},{}),S_1,S_16⊕1,S_18⊕1,S_5⊕1])"
8,"(1,0,{1,2},{},[(2,1,{0},{0}),(3,1,{0,3},{}),(3,3,{0},{0,1}),S_1,S_14⊕2,S_18⊕1,S_27,S_29,S_9⊕3])"
8,"(1,0,{1},{},[(2,3,{0},{0,1}),(3,1,{0},{0,2}),(3,3,{0},{0,1,2}),(3,3,{0},{0,1}),(3,4,{1,3},{}),S_1,S_1⊕3,S_22,S_22⊕2,S_27,S_7⊕3,S_9,S_9⊕3])"
8,"(1,0,{1},{},[(3,3,{0},{0,1,2}),(3,3,{2},{0,1,2}),(3,4,{1,3},{}),S_1,S_12,S_22,S_27,S_7⊕3,S_9,S_9⊕3])"
8,"(1,2,{1,3},{},[S_1,S_12,S_19,S_4,S_8])"
8,"(1,2,{1},{},[S_1,S_12,S_19,S_22,S_2⊕1])"
8,"(1,2,{1},{},[S_12,S_19,S_22,S_23,S_27])"
8,"(1,2,{3},{},[S_1,S_11,S_4,S_8])"
8,"(2,0,{1,2,4},{},[(1,1,{0},{0,2}),(1,4,{1,3},{}),(3,1,{0},{0,2}),(3,3,{0},{1,2}),(3,4,{3},{}),S_1,S_27,S_7⊕3,S_9⊕3])"
8,"(2,0,{1,2},{},[(0,1,{0,3},{}),(1,1,{0},{0,2}),(1,4,{0,1},{}),(3,1,{0,3},{}),(3,2,{0,3},{}),S_1,S_14⊕1,S_18⊕1,S_1⊕3,S_2,S_27,S_29,S_31,S_9⊕3])"
8,"(2,0,{1,2},{},[(1,4,{0,1,2,3},{}),(3,1,{0,3},{}),S_1,S_1⊕3,S_27,S_29,S_6,S_9⊕3])"
8,"(2,0,{1,2},{},[(3,1,{0,3},{}),S_1,S_18⊕1,S_31,S_5⊕1])"
8,"(2,0,{1,2},{},[(3,2,{0},{0,1}),(3,4,{2,3},{}),S_31,S_9,S_9⊕3])"
8,"(2,0,{1,4},{},[(1,4,{0,1},{}),(3,1,{0,2},{}),(3,1,{0,3},{}),(3,1,{0},{0,2}),(3,4,{0,1,3},{}),S_1,S_12,S_21,S_6])"
8,"(2,0,{2,3},{},[S_1,S_2,S_29,S_5⊕1,S_7⊕3,S_9⊕1])"
8,"(2,0,{2,4},{},[(1,4,{1,2},{}),(1,4,{1,3},{}),S_1,S_27,S_29,S_31,S_9⊕3])"
8,"(2,0,{2,4},{},[(1,4,{1,3},{}),(1,4,{1},{}),(3,3,{2},{0,2}),S_1,S_2,S_29,S_7⊕3,S_9,S_9⊕3])"
8,"(2,0,{2},{},[(3,3,{2},{0,2}),(3,4,{1,3},{}),(3,4,{3},{}),S_1,S_12,S_22,S_22⊕1,S_30,S_9⊕3])"
8,"(2,2,{1},{0,1,3},[(3,3,{0},{0,1,2}),S_2,S_3⊕1])"
8,"(2,2,{1},{3},[(3,1,{0},{0,2}),(3,3,{2},{0,2}),S_19,S_2,S_23,S_30,S_3⊕1,S_5⊕1])"
8,"(2,2,{3},{1,3},[(3,3,{2},{0,2}),S_2,S_23,S_2⊕1,S_5⊕1])"
8,"(2,3,{0,2},{},[(0,1,{3},{}),S_2,S_29,S_31,S_5⊕1])"
8,"(2,3,{0,2},{},[S_1,S_1⊕1,S_27,S_29,S_31])"
8,"(2,3,{1,2},{},[(3,1,{0},{0,2}),S_1,S_18⊕1,S_1⊕3,S_2,S_22⊕3,S_27,S_29,S_31,S_6⊕1])"
8,"(2,3,{2},{},[S_1,S_1⊕1,S_1⊕3,S_31])"
8,"(3,0,{1,2,4},{},[(1,3,{0,1,2},{}),S_1,S_13⊕2,S_14⊕2,S_2,S_7])"
8,"(4,0,{1,2,4},{},[(1,1,{0},{0,2}),(1,4,{0,1,3},{}),(2,1,{0},{0}),(2,4,{1,2,3},{}),(3,1,{0,3},{}),S_1,S_14⊕2,S_27,S_29,S_31,S_5⊕1,S_9⊕3])"
8,"(4,0,{1,2,4},{},[(1,4,{0,1,2,3},{}),(1,4,{0,1,3},{}),(3,4,{0,1,3},{}),S_1,S_12⊕2,S_14⊕2,S_2,S_27,S_6])"
8,"(4,0,{2,4},{},[(3,3,{2},{0,2}),(3,4,{1,3},{}),S_1,S_12,S_29,S_7⊕3,S_8,S_9⊕1])"
8,"(4,0,{4},{},[(1,4,{1},{}),(2,1,{0},{0}),(3,3,{2},{0,2}),(3,4,{1,3},{}),(3,4,{2,3},{}),S_1,S_12,S_15,S_9,S_9⊕3])"
8,"(4,2,{3,4},{},[(3,4,{2,3},{}),S_1,S_15,S_1⊕1,S_2])"
7,"(0,0,{1,2,4},{},[(1,1,{0,3},{}),(1,4,{1,2,3},{}),(3,1,{0,2,3},{}),(3,1,{0,3},{}),S_11⊕1,S_14⊕1,S_18⊕1,S_2,S_27,S_29,S_5⊕1])"
7,"(0,0,{1,2},{},[(1,4,{0,1,3},{}),S_14⊕1,S_27,S_29,S_31,S_5⊕1])"
7,"(0,3,{0,1,2},{},[(1,4,{0,1,3},{}),(1,4,{0,1},{}),(3,1,{0,3},{}),(3,2,{0,3},{}),S_14⊕1,S_2,S_27,S_31])"
7,"(0,3,{0,1,2},{},[(1,4,{0,1,3},{}),(1,4,{0,1},{}),(3,1,{0,3},{}),(3,2,{0,3},{}),S_14⊕1,S_2,S_29])"
7,"(0,3,{0,1,2},{},[(3,1,{0,3},{}),S_14⊕1,S_18⊕1,S_1⊕1,S_2,S_31])"
7,"(0,3,{0,2},{},[S_11⊕1,S_2,S_22⊕1,S_29,S_31,S_5⊕1])"
7,"(1,0,{1,2,3},{},[(2,2,{0},{0,1}),(3,1,{0,2,3},{}),(3,1,{0,2},{}),(3,1,{0,3},{}),(3,4,{0,1,3},{}),S_1,S_12⊕2,S_14,S_7])"
7,"(1,0,{1},{},[(2,3,{0},{0,1}),(3,3,{0},{0,1,2}),(3,4,{1,3},{}),S_1,S_12,S_22,S_22⊕2,S_27,S_7⊕3,S_9])"
7,"(1,0,{1},{},[(3,1,{0},{0,2}),(3,2,{0},{0,1}),(3,3,{0},{0,1,2}),(3,4,{1,3},{}),S_1,S_1⊕3,S_22,S_27,S_5⊕1,S_7⊕3,S_9⊕3])"
7,"(1,2,{1},{},[S_12,S_19,S_22,S_2⊕1])"
7,"(2,0,{1,2,4},{},[(0,1,{0,3},{}),(1,1,{3},{}),(1,4,{1,2,3},{}),(1,4,{1,3},{}),(3,1,{0,2,3},{}),(3,1,{0,3},{}),(3,4,{0,1},{}),S_11⊕1,S_14⊕1,S_2,S_27,S_29,S_5⊕1,S_9⊕3])"
7,"(2,0,{1,2,4},{},[(1,1,{0},{0,2}),(1,4,{1,3},{}),(3,3,{0},{0,1}),S_1,S_27,S_29,S_5⊕1,S_7⊕3,S_9⊕3])"
7,"(2,0,{1,2,4},{},[(1,4,{1,3},{}),(3,1,{0,2,3},{}),(3,1,{0,3},{}),(3,3,{2},{0,2}),S_12,S_27,S_9])"
7,"(2,0,{1,2,4},{},[(1,4,{1,3},{}),(3,4,{0,1,3},{}),S_1,S_14⊕1,S_2,S_27,S_29,S_7⊕1])"
7,"(2,0,{1,2},{},[(0,1,{0,3},{}),(1,1,{0,3},{}),(1,4,{0,1},{}),(3,1,{0,3},{}),(3,4,{0,1},{}),S_1,S_14⊕1,S_1⊕3,S_2,S_29,S_31,S_5⊕1,S_9⊕3])"
7,"(2,0,{1,2},{},[(0,1,{0,3},{}),(1,1,{0},{0,2}),(1,4,{0,1,3},{}),(3,1,{0,3},{}),(3,2,{0,3},{}),S_1,S_11⊕1,S_14⊕1,S_18⊕1,S_1⊕3,S_2,S_27,S_5⊕1])"
7,"(2,0,{1,2},{},[(0,1,{0,3},{}),(1,4,{0,1},{}),(3,1,{0,3},{}),(3,2,{0,3},{}),(3,4,{0,1},{}),(3,4,{0,3},{}),S_1,S_18⊕1,S_2])"
7,"(2,0,{1,2},{},[(0,1,{0,3},{}),(1,4,{0,1},{}),(3,1,{0,3},{}),S_14⊕1,S_1⊕3,S_2,S_29,S_31,S_9⊕3])"
7,"(2,0,{1},{},[(0,1,{0,3},{}),(0,1,{0},{2}),(1,1,{0,3},{}),(1,1,{0},{0,2}),(3,1,{0,3},{}),(3,1,{0},{0,2}),S_1,S_27,S_30,S_5⊕1])"
7,"(2,0,{2,4},{},[(1,4,{1,3},{}),(1,4,{1},{}),(3,4,{1,3},{}),S_1,S_2,S_31,S_5⊕1,S_7⊕3,S_9⊕3])"
7,"(2,0,{2,4},{},[(3,1,{0,3},{}),S_1,S_11⊕1,S_14⊕1,S_27,S_29,S_31,S_9⊕3])"
7,"(2,0,{2,4},{},[(3,3,{2},{0,2}),(3,4,{1,3},{}),(3,4,{3},{}),S_1,S_12,S_22,S_22⊕1,S_30,S_7⊕3,S_9⊕1])"
7,"(2,0,{2},{},[(1,4,{1},{}),(3,1,{0},{0,2}),(3,4,{1,3},{}),S_1,S_2,S_27,S_9⊕3])"
7,"(2,2,{1},{1,3},[(3,1,{0},{0,2}),(3,3,{2},{0,2}),S_19,S_23])"
7,"(2,3,{0,1,2},{},[(1,4,{0,1,3},{}),(3,1,{0,3},{}),(3,1,{0},{0,2}),(3,2,{0,3},{}),(3,4,{0,1,3},{}),S_1,S_18⊕1,S_27,S_31,S_6⊕1])"
7,"(2,3,{0,1,2},{},[(3,4,{0,3},{}),S_1,S_13⊕1,S_14⊕1,S_18⊕1,S_2,S_21⊕1,S_22⊕3,S_23⊕1,S_29,S_6⊕1])"
7,"(2,3,{1,2},{},[(1,4,{0,3},{}),(3,1,{0,3},{}),(3,1,{0},{0,2}),(3,2,{0,3},{}),S_1,S_22⊕3,S_27,S_29])"
7,"(2,3,{1,2},{},[(3,1,{0,3},{}),(3,4,{0,1},{}),S_1,S_18⊕1,S_2,S_22⊕3])"
7,"(2,3,{1,2},{},[(3,2,{0},{0,1}),S_1,S_2,S_27,S_2⊕1])"
7,"(2,3,{2},{},[(0,1,{0,3},{}),S_1,S_1⊕3,S_29,S_31,S_6⊕1])"
7,"(3,2,{3},{},[S_1,S_15,S_1⊕1,S_2])"
7,"(4,0,{1,2,4},{},[(0,1,{0,3},{}),(1,4,{0,1,3},{}),(1,4,{0,1},{}),(3,1,{0,3},{}),(3,2,{0,3},{}),S_14⊕1,S_14⊕2,S_18⊕1,S_1⊕3,S_2,S_27,S_29])"
7,"(4,0,{1,2,4},{},[(1,1,{0,3},{}),(1,1,{3},{}),(1,4,{0,1,3},{}),(1,4,{1,2,3},{}),(2,1,{0},{0}),(3,1,{0,2,3},{}),(3,1,{0,3},{}),S_1,S_14⊕1,S_27,S_29,S_30,S_5⊕1])"
7,"(4,0,{1,3,4},{},[(1,3,{0,1,2},{}),(1,4,{0,1,2,3},{}),(3,4,{0,3},{}),(3,4,{2,3},{}),S_14⊕2,S_27,S_6,S_7])"
7,"(4,0,{1,4},{},[(1,1,{0},{0,2}),(1,4,{1,2},{}),(1,4,{1,3},{}),(3,1,{0},{0,2}),(3,4,{1,3},{}),S_1,S_1⊕3,S_22⊕2,S_27,S_29,S_7⊕3])"
7,"(4,0,{1,4},{},[(1,4,{1,3},{}),(2,3,{0},{0,1}),(3,1,{0},{0,2}),(3,3,{0},{0,1,2}),(3,3,{0},{0,1}),(3,4,{1,3},{}),S_1,S_22,S_22⊕2,S_27,S_7⊕3,S_9,S_9⊕3])"
7,"(4,0,{1},{1,3},[(1,1,{0},{0,2}),(2,1,{0},{0}),(3,1,{0},{0,2}),(3,3,{0},{0,1}),(3,3,{0},{1,2}),S_2,S_30,S_3⊕1])"
7,"(4,0,{2,4},{},[(3,3,{2},{0,2}),(3,4,{1,3},{}),(3,4,{2,3},{}),S_1,S_12,S_29,S_8,S_9⊕1])"
7,"(4,0,{4},{},[(1,4,{1},{}),(2,1,{0},{0}),(3,3,{2},{0,2}),(3,4,{1,3},{}),(3,4,{2,3},{}),S_1,S_12,S_15,S_7⊕3,S_9,S_9⊕3])"
7,"(4,4,{1},{1,2,3},[(0,1,{0},{2}),(3,1,{0},{0,2}),(3,3,{2},{0,2}),S_19,S_23,S_30,S_3⊕1,S_5⊕1])"
6,"(0,0,{1,2,4},{},[(1,1,{3},{}),(1,4,{1,2,3},{}),(3,1,{0,3},{}),S_11⊕1,S_2,S_27,S_31,S_5⊕1,S_9⊕3])"
6,"(0,3,{0,1,2},{},[(1,4,{1,3},{}),(3,1,{0,3},{}),(3,4,{0,1},{}),S_11⊕1,S_14⊕1,S_2,S_27,S_31,S_9⊕3])"
6,"(0,3,{0,1,2},{},[S_14⊕1,S_18⊕1,S_1⊕1,S_2,S_31])"
6,"(0,5,{0,1,2},{},[(1,4,{0,1,3},{}),S_14⊕1,S_18⊕1,S_2,S_27,S_29,S_31,S_6⊕1,S_7⊕1])"
6,"(1,0,{1,2},{},[(0,1,{3},{}),(3,1,{0,3},{}),S_1,S_27,S_29])"
6,"(1,0,{1},{},[S_1,S_12,S_23,S_27])"
6,"(1,0,{1},{},[S_1,S_23,S_27,S_9])"
6,"(1,0,{2,4},{},[(3,3,{2},{0,2}),(3,4,{1,3},{}),S_1,S_11,S_12,S_29,S_9⊕3])"
6,"(1,1,{0,2},{},[S_12,S_1⊕3,S_22⊕3,S_23,S_29,S_3⊕1])"
6,"(1,2,{1},{},[S_1,S_12,S_19,S_22])"
6,"(2,0,{1,2,4},{},[(0,1,{0,3},{}),(1,1,{0,3},{}),(1,1,{0},{0,2}),(1,4,{0,1,3},{}),(1,4,{1,3},{}),(3,1,{0,2,3},{}),(3,1,{0,3},{}),(3,1,{0},{0,2}),(3,4,{0,1,2,3},{}),S_1,S_11⊕1,S_18⊕1,S_1⊕3,S_2,S_27,S_29,S_31,S_9⊕3])"
6,"(2,0,{1,2,4},{},[(0,1,{0,3},{}),(1,1,{0,3},{}),(1,4,{1,2,3},{}),(3,1,{0,2,3},{}),(3,1,{0,3},{}),S_11⊕1,S_14⊕1,S_18⊕1,S_2,S_27,S_29,S_5⊕1])"
6,"(2,0,{1,2,4},{},[(1,1,{0},{0,2}),(1,1,{3},{}),(1,4,{1,2},{}),(1,4,{1,3},{}),(3,1,{0},{0,2}),(3,4,{1,3},{}),S_1,S_11⊕1,S_1⊕3,S_27,S_29,S_7⊕3,S_9⊕3])"
6,"(2,0,{1,2,4},{},[(1,1,{3},{}),(1,4,{0,1,3},{}),(1,4,{1,2,3},{}),(3,1,{0,3},{}),(3,1,{0},{0,2}),S_1,S_11⊕1,S_14⊕1,S_18⊕1,S_27,S_29,S_5⊕1])"
6,"(2,0,{1,2,4},{},[(1,4,{0,1,2,3},{}),(3,1,{0,3},{}),(3,4,{0,3},{}),(3,4,{1,3},{}),S_1,S_14⊕1,S_27,S_29,S_31])"
6,"(2,0,{1,2,4},{},[(1,4,{1,3},{}),(3,1,{0},{0,2}),(3,3,{0},{0,1,2}),(3,3,{0},{0,1}),(3,3,{2},{0,1,2}),(3,4,{1,3},{}),S_1,S_12,S_22,S_27,S_7⊕3,S_9,S_9⊕3])"
6,"(2,0,{1,2,4},{},[(1,4,{1,3},{}),(3,1,{0},{0,2}),(3,3,{0},{0,1,2}),(3,4,{1,3},{}),S_1,S_1⊕3,S_22,S_27,S_31,S_7⊕3,S_9,S_9⊕3])"
6,"(2,0,{1,2},{},[(0,1,{0,3},{}),(1,1,{0},{0,2}),(1,4,{0,1,3},{}),(3,1,{0,3},{}),(3,1,{0},{0,2}),(3,4,{0,3},{}),S_1,S_1⊕3,S_27,S_31,S_9⊕3])"
6,"(2,0,{1,2},{},[(0,1,{0,3},{}),(1,1,{0},{0,2}),(1,4,{0,1,3},{}),(3,1,{0,3},{}),(3,2,{0,3},{}),(3,4,{0,3},{}),S_1,S_14⊕1,S_18⊕1,S_27,S_30])"
6,"(2,0,{1,2},{},[(0,1,{0,3},{}),(1,1,{0},{0,2}),(1,4,{0,1},{}),(3,1,{0,3},{}),(3,2,{0,3},{}),S_1,S_14⊕1,S_1⊕3,S_2,S_27,S_30,S_31,S_9⊕3])"
6,"(2,0,{1,2},{},[(1,1,{3},{}),(1,4,{0,1,3},{}),(1,4,{1,2,3},{}),(3,1,{0,3},{}),(3,1,{0},{0,2}),S_1,S_18⊕1,S_27,S_29])"
6,"(2,0,{1,2},{},[(1,4,{1,3},{}),(3,1,{0,3},{}),S_1,S_14⊕1,S_18⊕1,S_2,S_27,S_29,S_31,S_5⊕1,S_9⊕3])"
6,"(2,0,{1,2},{},[(3,1,{0,3},{}),(3,1,{0},{0,2}),(3,2,{0,3},{}),(3,4,{0,1,3},{}),S_1,S_14⊕1,S_18⊕1,S_27,S_31,S_9⊕3])"
6,"(2,0,{1,2},{},[(3,1,{0,3},{}),S_14⊕1,S_18⊕1,S_29,S_3⊕1,S_5⊕1])"
6,"(2,0,{1},{3},[S_2,S_30,S_3⊕1])"
6,"(2,0,{2,4},{},[(3,3,{2},{0,2}),(3,4,{1,3},{}),S_1,S_12,S_2,S_22⊕1,S_29,S_5⊕1,S_7⊕3,S_9,S_9⊕1])"
6,"(2,0,{2,4},{},[S_1,S_27,S_29,S_31,S_9⊕3])"
6,"(2,0,{2},{},[(3,1,{0},{0,2}),S_1,S_27,S_31,S_9⊕3])"
6,"(2,3,{0,1,2,4},{},[(1,4,{0,1},{}),(3,1,{0,3},{}),(3,2,{0,3},{}),(3,4,{0,1,2,3},{}),(3,4,{0,1,3},{}),(3,4,{0,1},{}),(3,4,{0,3},{}),S_1,S_2,S_27])"
6,"(2,3,{0,1,2},{},[(3,1,{0,3},{}),(3,4,{0,1,3},{}),S_1,S_14⊕1,S_27])"
6,"(2,3,{0,1,2},{},[(3,1,{0},{0,2}),(3,4,{0,3},{}),S_1,S_18⊕1,S_22⊕3,S_27,S_30,S_31,S_6⊕1])"
6,"(2,3,{0,1,2},{},[S_1,S_14⊕1,S_18⊕1,S_2,S_21⊕1,S_22⊕3,S_23⊕1,S_29,S_6⊕1])"
6,"(2,3,{0,1,2},{},[S_1,S_14⊕1,S_18⊕1,S_31,S_5⊕1,S_6⊕1])"
6,"(2,3,{0,1,2},{},[S_1,S_18⊕1,S_22⊕3,S_23⊕1,S_29,S_31,S_6⊕1])"
6,"(2,3,{0,2,4},{},[(1,4,{1,2},{}),(1,4,{1,3},{}),(1,4,{1},{}),(3,1,{0},{0,2}),(3,4,{1,3},{}),(3,4,{3},{}),S_1,S_2,S_27])"
6,"(2,3,{0,2},{},[(1,4,{1,3},{}),(3,1,{0},{0,2}),(3,4,{1,3},{}),(3,4,{3},{}),S_1,S_2,S_27,S_30,S_31,S_9⊕3])"
6,"(2,3,{1,2},{},[(3,1,{0},{0,2}),(3,2,{0,3},{}),S_1,S_1⊕3,S_22⊕3,S_27,S_29,S_6⊕1])"
6,"(2,3,{2},{},[S_1,S_1⊕1,S_1⊕3])"
6,"(2,5,{1,2,4},{},[(3,4,{0,1,3},{}),(3,4,{0,3},{}),(3,4,{3},{}),S_12,S_18⊕1,S_1⊕1,S_27,S_29])"
6,"(4,0,{1,2,4},{},[(1,1,{0,3},{}),(1,1,{3},{}),(1,4,{0,1,3},{}),(1,4,{1,2,3},{}),(2,1,{0},{0}),(3,1,{0,2,3},{}),S_1,S_14⊕1,S_27,S_29,S_30])"
6,"(4,0,{1,2,4},{},[(1,1,{3},{}),(1,4,{0,1,3},{}),(1,4,{1,3},{}),(3,1,{0,2,3},{}),(3,1,{0,3},{}),(3,1,{0},{0,2}),S_1,S_11⊕1,S_14⊕2,S_27,S_29,S_5⊕1,S_9⊕3])"
6,"(4,0,{1,2,4},{},[(1,1,{3},{}),(1,4,{1,2,3},{}),(3,1,{0,2,3},{}),(3,1,{0,3},{}),(3,1,{0},{0,2}),S_1,S_11⊕1,S_14⊕2,S_27,S_29,S_5⊕1,S_9⊕3])"
6,"(4,0,{1,2,4},{},[(1,4,{0,1,3},{}),(2,1,{0},{0}),(3,1,{0,3},{}),S_1,S_14⊕2,S_18⊕1,S_27,S_29,S_5⊕1])"
6,"(4,0,{1,3,4},{},[(1,3,{0,1,2},{}),(1,4,{0,1,2,3},{}),(2,4,{0,1,2,3},{}),S_14⊕2,S_15,S_27,S_6])"
6,"(4,0,{1},{1,3},[(1,1,{0},{0,2}),(2,1,{0},{0}),(3,1,{0},{0,2}),(3,3,{0},{0,1}),S_2,S_30,S_3⊕1])"
6,"(4,0,{1},{1},[(2,1,{0},{0}),S_2,S_3⊕1,S_5⊕1])"
6,"(4,0,{4},{},[(1,4,{1},{}),(2,1,{0},{0}),S_1,S_15,S_7⊕3])"
6,"(4,0,{4},{},[(1,4,{1},{}),(2,1,{0},{0}),S_1,S_15,S_9⊕3])"
6,"(4,3,{2,4},{},[(2,4,{2,3},{}),S_1,S_1⊕1,S_1⊕3,S_29,S_31])"
6,"(4,4,{1},{0,1,2,3},[(1,1,{0},{0,2}),(2,2,{0},{0,1})])"
6,"(4,4,{1},{0,1,3},[(1,1,{0},{0,2}),(2,2,{0},{0,1}),(3,1,{0},{0,2}),(3,2,{0},{0,1}),S_1])"
5,"(0,0,{1,2,4},{},[(1,4,{0,1,2,3},{}),(1,4,{1},{}),S_14⊕1,S_27,S_31])"
5,"(0,3,{0,1,2,4},{},[(1,4,{0,1,2,3},{}),(1,4,{0,1,2},{}),(1,4,{1},{}),S_14⊕1,S_27,S_31])"
5,"(0,3,{0,1,2},{},[(1,1,{3},{}),(1,4,{1,3},{}),S_14⊕1,S_18⊕1,S_27,S_31,S_5⊕1,S_6⊕1])"
5,"(0,3,{0,2},{},[(1,4,{1,3},{}),(1,4,{1},{}),(3,4,{1,3},{}),S_2,S_27,S_31,S_5⊕1])"
5,"(0,3,{0,2},{},[(3,1,{0},{0,2}),(3,4,{1,3},{}),S_1⊕3,S_27,S_31,S_9⊕3])"
5,"(1,0,{1,2},{},[(2,2,{0},{0,1}),(3,1,{0,3},{}),(3,4,{0,1,3},{}),S_1,S_12,S_14⊕2,S_18⊕1,S_27])"
5,"(1,0,{1},{},[S_1,S_12,S_27,S_6])"
5,"(1,0,{1},{},[S_1,S_12,S_3⊕1])"
5,"(2,0,{1,2,4},{},[(1,1,{3},{}),(1,4,{1,2,3},{}),(1,4,{1,3},{}),(3,1,{0,2,3},{}),(3,1,{0,3},{}),S_14⊕1,S_18⊕1,S_29,S_5⊕1,S_6])"
5,"(2,0,{1,2,4},{},[(1,4,{0,1,3},{}),(1,4,{0,3},{}),(3,1,{0,2,3},{}),(3,1,{0,3},{}),(3,1,{0},{0,2}),(3,4,{0,1,3},{}),(3,4,{0,3},{}),S_1,S_1⊕3,S_27,S_29])"
5,"(2,0,{1,2,4},{},[(1,4,{1,2,3},{}),(1,4,{1,3},{}),(3,1,{0,2,3},{}),(3,1,{0,3},{}),(3,1,{0},{0,2}),S_14⊕1,S_18⊕1,S_1⊕3,S_6,S_9⊕3])"
5,"(2,0,{1,2,4},{},[(1,4,{1,2},{}),(3,1,{0,3},{}),S_1,S_11⊕1,S_27,S_29,S_31,S_9⊕3])"
5,"(2,0,{1,2,4},{},[(3,1,{0,3},{}),(3,4,{0,1},{}),S_1,S_14⊕1,S_18⊕1,S_2,S_29,S_7⊕1])"
5,"(2,0,{1,2,4},{},[(3,1,{0,3},{}),S_1,S_11⊕1,S_27,S_29,S_31,S_9⊕3])"
5,"(2,0,{1,2},{},[(0,1,{0,3},{}),(1,1,{0,3},{}),(1,4,{0,1,3},{}),(1,4,{0,3},{}),(3,1,{0,3},{}),S_11⊕1,S_14⊕1,S_1⊕3,S_2,S_27,S_29,S_31,S_9⊕3])"
5,"(2,0,{1,2},{},[(0,1,{0,3},{}),(1,1,{0},{0,2}),(1,4,{0,1,3},{}),(3,1,{0,3},{}),(3,4,{0,3},{}),S_1,S_14⊕1,S_18⊕1,S_1⊕3,S_27])"
5,"(2,0,{1,2},{},[(1,1,{0,3},{}),(3,1,{0,3},{}),(3,2,{0,3},{}),S_1,S_1⊕3,S_27,S_29,S_30])"
5,"(2,0,{1,2},{},[(1,1,{3},{}),(3,1,{0,3},{}),(3,3,{0},{1,2}),S_1,S_27])"
5,"(2,0,{1,2},{},[S_1,S_11⊕1,S_1⊕3,S_27,S_29,S_9⊕3])"
5,"(2,0,{1,4},{},[(1,1,{0},{0,2}),(1,4,{1,2},{}),(3,1,{0},{0,2}),(3,4,{1,3},{}),(3,4,{3},{}),S_1,S_12,S_27,S_7⊕3,S_9⊕3])"
5,"(2,0,{1},{1,3},[(0,1,{0},{2}),(1,1,{0},{0,2}),(3,1,{0},{0,2}),S_1,S_30,S_5⊕1])"
5,"(2,0,{1},{1},[(0,1,{0},{2}),(3,1,{0},{0,2}),S_30,S_3⊕1,S_5⊕1])"
5,"(2,0,{1},{},[(3,1,{0},{0,2}),S_1,S_2,S_27,S_2⊕2])"
5,"(2,1,{0,2},{},[S_12,S_1⊕3,S_2⊕2,S_31])"
5,"(2,2,{1},{3},[(3,1,{0},{0,2}),(3,3,{2},{0,2}),S_19,S_2,S_30,S_3⊕1])"
5,"(2,3,{0,1,2},{},[(1,4,{1,3},{}),S_1,S_14⊕1,S_18⊕1,S_2,S_27,S_29,S_31,S_9⊕3])"
5,"(2,3,{0,1,2},{},[(3,1,{0},{0,2}),(3,2,{0,3},{}),(3,4,{0,3},{}),S_13⊕1,S_14⊕1,S_22⊕3,S_23⊕1,S_27,S_29,S_30,S_31,S_6,S_6⊕1])"
5,"(2,3,{0,1,2},{},[(3,1,{0},{0,2}),S_1,S_18⊕1,S_22⊕3,S_27,S_29,S_31,S_6⊕1])"
5,"(2,3,{0,1,2},{},[(3,1,{0},{0,2}),S_1,S_18⊕1,S_22⊕3,S_27,S_31,S_6⊕1])"
5,"(2,3,{0,1,2},{},[(3,4,{0,3},{}),S_1,S_14⊕1,S_18⊕1,S_27,S_29,S_30,S_31,S_6⊕1])"
5,"(2,3,{0,2},{},[(1,4,{1,3},{}),(3,1,{0},{0,2}),(3,4,{1,3},{}),(3,4,{3},{}),S_1,S_1⊕3,S_2,S_27,S_29,S_31,S_9⊕3])"
5,"(2,4,{1,2},{},[(3,1,{0},{0,2}),(3,2,{0,3},{}),(3,3,{2},{0,2}),S_1,S_12,S_1⊕3,S_22⊕3,S_23⊕1,S_27,S_29,S_31,S_9⊕3])"
5,"(2,4,{1,2},{},[S_12,S_1⊕3,S_22⊕3,S_29,S_31])"
5,"(3,0,{1,2,3},{},[S_1,S_14⊕1,S_14⊕2,S_2,S_7⊕1])"
5,"(3,5,{1,2,3},{},[(2,4,{0,1,2,3},{}),S_1,S_1⊕1,S_31])"
5,"(4,0,{1,2,4},{},[(0,1,{0,3},{}),(2,4,{1,2,3},{}),S_1,S_1⊕3,S_29,S_31,S_9⊕3])"
5,"(4,0,{1,2,4},{},[(1,1,{0},{0,2}),(1,4,{0,1,3},{}),(2,1,{0},{0}),(2,4,{1,2,3},{}),S_1,S_14⊕2,S_27,S_29,S_31,S_9⊕3])"
5,"(4,0,{1,2,4},{},[(1,1,{0},{0,2}),(1,4,{0,1},{}),(3,1,{0,2,3},{}),(3,1,{0,3},{}),(3,4,{0,1},{}),S_1,S_14⊕2,S_1⊕3,S_27,S_29])"
5,"(4,0,{1,4},{},[(1,1,{0},{0,2}),(1,4,{1,2},{}),(3,4,{1,3},{}),S_1,S_22⊕2,S_27])"
5,"(4,0,{1,4},{},[(1,4,{0,1,2,3},{}),(3,1,{0,2,3},{}),(3,4,{0,1,3},{}),S_1,S_12⊕2,S_2,S_27,S_6])"
5,"(4,0,{1,4},{},[(1,4,{0,1,2,3},{}),(3,4,{0,1,3},{}),S_1,S_12⊕2,S_2,S_27,S_6])"
5,"(4,0,{1,4},{},[(1,4,{1,3},{}),(2,3,{0},{0,1}),(3,1,{0},{0,2}),(3,3,{0},{0,1,2}),(3,4,{1,3},{}),S_1,S_22,S_22⊕2,S_27,S_7⊕3,S_9,S_9⊕3])"
5,"(4,0,{1},{1,3},[(0,1,{0},{2}),(1,1,{0},{0,2}),(2,1,{0},{0}),(3,1,{0},{0,2}),S_30])"
5,"(4,3,{0,1,2,4},{},[(2,4,{0,1,2,3},{}),(3,4,{0,1,3},{}),S_1,S_1⊕1,S_29])"
4,"(0,0,{1,2,4},{},[(1,1,{3},{}),(1,4,{1,2,3},{}),(1,4,{1,3},{}),(3,1,{0,2,3},{}),(3,1,{0,3},{}),(3,4,{0,1},{}),S_11⊕1,S_14⊕1,S_2,S_27,S_29,S_31,S_5⊕1])"
4,"(0,3,{0,1,2},{},[(1,4,{0,1,3},{}),(1,4,{0,1},{}),(3,1,{0,3},{}),(3,2,{0,3},{}),(3,4,{0,1,3},{}),S_11⊕1,S_14⊕1,S_1⊕3,S_2,S_27,S_31,S_6⊕1])"
4,"(0,3,{0,1,2},{},[(1,4,{0,1,3},{}),(3,1,{0,3},{}),(3,1,{0},{0,2}),S_11⊕1,S_14⊕1,S_27,S_29,S_31,S_6⊕1])"
4,"(0,3,{0,1,2},{},[(1,4,{0,1,3},{}),(3,1,{0,3},{}),(3,2,{0,3},{}),(3,4,{0,1,3},{}),S_11⊕1,S_14⊕1,S_18⊕1,S_2,S_29,S_6⊕1])"
4,"(0,3,{0,1,2},{},[(3,1,{0,3},{}),S_11⊕1,S_14⊕1,S_18⊕1,S_2,S_29,S_31,S_6⊕1])"
4,"(0,3,{0,1,2},{},[(3,1,{0,3},{}),S_11⊕1,S_14⊕1,S_18⊕1,S_29,S_31,S_5⊕1,S_6⊕1])"
4,"(0,3,{0,1,2},{},[(3,1,{0,3},{}),S_14⊕1,S_2,S_27,S_29,S_31])"
4,"(0,3,{0,1,2},{},[(3,1,{0,3},{}),S_14⊕1,S_2,S_29,S_31,S_6⊕1])"
4,"(0,3,{0,1,2},{},[S_14⊕1,S_1⊕1,S_2,S_6⊕1])"
4,"(0,3,{0,2},{},[(1,0,{3},{}),(3,1,{0,3},{}),S_18⊕1,S_31,S_5⊕1])"
4,"(0,3,{0,2},{},[S_2,S_27,S_29,S_31,S_5⊕1,S_9⊕3])"
4,"(0,5,{0,1,2,3},{},[(1,4,{0,1,2,3},{}),(1,4,{0,1,3},{}),(3,4,{0,1,3},{}),S_14⊕1,S_2,S_27,S_29,S_6⊕1,S_7⊕1])"
4,"(0,5,{0,1,2},{},[(1,4,{0,1,3},{}),(3,4,{0,1,3},{}),S_14⊕1,S_1⊕1,S_2,S_7⊕1])"
4,"(1,0,{1,2},{},[(2,4,{1,2,3},{}),(3,1,{0,3},{}),(3,1,{0},{0,2}),S_1,S_27,S_29,S_9⊕3])"
4,"(1,0,{1,4},{},[(0,1,{3},{}),(3,1,{0},{0,2}),(3,4,{1,3},{}),(3,4,{3},{}),S_1,S_27,S_7⊕3])"
4,"(1,0,{1,4},{},[(2,4,{1,2,3},{}),(3,1,{0,3},{}),S_1,S_1⊕3,S_29])"
4,"(1,2,{3},{0},[S_1,S_2⊕1,S_2⊕2,S_30,S_3⊕1])"
4,"(1,2,{3},{},[S_1,S_11,S_3⊕1,S_4,S_8])"
4,"(1,4,{3},{2,3},[(3,1,{0},{0,2}),S_19,S_2⊕1,S_3⊕1,S_5⊕1])"
4,"(2,0,{1,2,4},{},[(0,1,{0,3},{}),(1,1,{0,3},{}),(1,4,{0,1,3},{}),(1,4,{0,1},{}),(3,1,{0,2,3},{}),(3,1,{0,3},{}),(3,2,{0,3},{}),(3,4,{0,1},{}),S_1,S_14⊕1,S_18⊕1,S_1⊕3,S_2])"
4,"(2,0,{1,2,4},{},[(0,1,{0,3},{}),(1,1,{0,3},{}),(1,4,{0,1,3},{}),(1,4,{0,1},{}),(3,1,{0,2,3},{}),(3,1,{0,3},{}),(3,2,{0,3},{}),S_1,S_14⊕1,S_18⊕1,S_1⊕3,S_2,S_5⊕1])"
4,"(2,0,{1,2,4},{},[(0,1,{0,3},{}),(1,1,{0},{0,2}),(1,4,{0,1,3},{}),(1,4,{0,1},{}),(1,4,{1,3},{}),(3,1,{0,3},{}),(3,1,{0},{0,2}),(3,2,{0,3},{}),(3,4,{0,1,3},{}),S_1,S_14⊕1,S_18⊕1,S_1⊕3,S_2,S_27,S_29,S_31,S_9⊕3])"
4,"(2,0,{1,2,4},{},[(0,1,{0,3},{}),(1,1,{0},{0,2}),(1,4,{0,1},{}),(3,1,{0,2,3},{}),(3,1,{0,3},{}),(3,4,{0,3},{}),S_1])"
4,"(2,0,{1,2,4},{},[(0,1,{0,3},{}),(1,4,{1,2,3},{}),(3,1,{0,2,3},{}),(3,1,{0,3},{}),(3,1,{0},{0,2}),(3,2,{0,3},{}),(3,4,{0,1,3},{}),S_1,S_14⊕1,S_18⊕1,S_27])"
4,"(2,0,{1,2,4},{},[(1,1,{0},{0,2}),(1,4,{1,2},{}),(1,4,{1,3},{}),(3,1,{0},{0,2}),(3,4,{1,3},{}),S_1,S_1⊕3,S_27,S_31,S_7⊕3,S_9⊕3])"
4,"(2,0,{1,2,4},{},[(1,1,{3},{}),(1,4,{0,1,3},{}),(1,4,{1,2,3},{}),(3,1,{0,3},{}),(3,1,{0},{0,2}),S_1,S_11⊕1,S_14⊕1,S_18⊕1,S_27,S_29])"
4,"(2,0,{1,2,4},{},[(1,4,{1,2,3},{}),(1,4,{1,3},{}),(3,1,{0,2,3},{}),(3,1,{0,3},{}),S_14⊕1,S_18⊕1,S_29,S_5⊕1,S_6])"
4,"(2,0,{1,2,4},{},[(1,4,{1,3},{}),(3,1,{0},{0,2}),(3,3,{0},{0,1,2}),(3,3,{2},{0,1,2}),(3,4,{1,3},{}),S_1,S_12,S_22,S_27,S_7⊕3,S_9,S_9⊕3])"
4,"(2,0,{1,2},{},[(0,1,{0,3},{}),(1,1,{0,3},{}),(1,4,{0,1},{}),(3,4,{0,1},{}),S_1,S_14⊕1,S_2,S_29,S_31,S_5⊕1,S_9⊕3])"
4,"(2,0,{1,2},{},[(0,1,{0,3},{}),(1,1,{0},{0,2}),(1,4,{0,1,3},{}),(1,4,{1,3},{}),(3,1,{0,3},{}),(3,1,{0},{0,2}),(3,4,{0,1,3},{}),(3,4,{0,3},{}),S_1,S_1⊕3,S_27,S_29,S_31,S_9⊕3])"
4,"(2,0,{1,2},{},[(0,1,{0,3},{}),(1,1,{0},{0,2}),(1,4,{0,1,3},{}),(3,1,{0,3},{}),(3,1,{0},{0,2}),(3,2,{0,3},{}),(3,4,{0,1,3},{}),(3,4,{0,3},{}),S_1,S_14⊕1,S_18⊕1,S_1⊕3,S_27,S_29])"
4,"(2,0,{1,2},{},[(0,1,{0,3},{}),(1,1,{0},{0,2}),(1,4,{0,1,3},{}),(3,1,{0,3},{}),(3,1,{0},{0,2}),S_1,S_14⊕1,S_18⊕1,S_1⊕3,S_2,S_27,S_31,S_9⊕3])"
4,"(2,0,{1,2},{},[(0,1,{0,3},{}),(1,1,{0},{0,2}),(1,4,{0,1,3},{}),(3,1,{0,3},{}),(3,2,{0,3},{}),S_1,S_14⊕1,S_18⊕1,S_2,S_27,S_30])"
4,"(2,0,{1,2},{},[(0,1,{0,3},{}),(1,1,{0},{0,2}),(1,4,{0,1,3},{}),(3,1,{0,3},{}),S_1,S_11⊕1,S_14⊕1,S_18⊕1,S_1⊕3,S_2,S_27])"
4,"(2,0,{1,2},{},[(0,1,{0,3},{}),(1,4,{0,1},{}),(3,1,{0,3},{}),(3,4,{0,1},{}),(3,4,{0,3},{}),S_1,S_18⊕1,S_2])"
4,"(2,0,{1,2},{},[(1,1,{3},{}),(1,4,{0,1,3},{}),(1,4,{1,3},{}),(3,1,{0,3},{}),(3,1,{0},{0,2}),S_1,S_1⊕3,S_27,S_5⊕1,S_9⊕3])"
4,"(2,0,{1,2},{},[(1,1,{3},{}),(1,4,{1,2,3},{}),(3,1,{0,3},{}),(3,1,{0},{0,2}),S_1,S_27,S_29,S_30,S_9⊕3])"
4,"(2,0,{1,2},{},[(1,4,{1,3},{}),(3,1,{0},{0,2}),(3,4,{1,3},{}),(3,4,{3},{}),S_12,S_27,S_9⊕3])"
4,"(2,0,{1,2},{},[(1,4,{1,3},{}),S_1,S_14⊕1,S_18⊕1,S_2,S_27,S_29,S_31,S_5⊕1])"
4,"(2,0,{1,2},{},[(3,2,{0,3},{}),(3,4,{0,3},{}),S_1,S_1⊕3,S_27,S_29,S_6,S_7⊕1])"
4,"(2,0,{1},{1,3},[(3,1,{0},{0,2}),S_1,S_2,S_30,S_5⊕1])"
4,"(2,0,{1},{1},[(0,1,{0},{2}),(1,1,{0},{0,2}),(3,3,{0},{0,1}),S_1,S_30,S_5⊕1])"
4,"(2,0,{2},{},[S_1,S_11⊕1,S_2,S_22⊕1,S_29,S_5⊕1,S_9⊕1,S_9⊕3])"
4,"(2,1,{0,2},{},[S_12,S_22⊕3,S_29,S_6⊕1])"
4,"(2,2,{0,1,4},{},[(1,3,{0,1,2},{}),(3,4,{0,1,3},{}),S_1,S_7⊕1])"
4,"(2,2,{1},{1,3},[(0,1,{0},{2}),(3,1,{0},{0,2}),(3,3,{2},{0,2}),S_19,S_2,S_3⊕1,S_5⊕1])"
4,"(2,2,{1},{1,3},[(0,1,{0},{2}),(3,1,{0},{0,2}),(3,3,{2},{0,2}),S_19,S_23,S_3⊕1,S_5⊕1])"
4,"(2,2,{1},{1,3},[(0,1,{0},{2}),(3,1,{0},{0,2}),(3,3,{2},{0,2}),S_19,S_30,S_3⊕1,S_5⊕1])"
4,"(2,2,{1},{1,3},[(3,1,{0},{0,2}),S_19,S_2,S_2⊕2])"
4,"(2,2,{1},{3},[(3,1,{0},{0,2}),(3,3,{2},{0,2}),S_19,S_2,S_30,S_3⊕1,S_5⊕1])"
4,"(2,3,{0,1,2},{},[(1,4,{0,1,3},{}),(3,1,{0,3},{}),(3,1,{0},{0,2}),S_14⊕1,S_18⊕1,S_22⊕3,S_27,S_29,S_6])"
4,"(2,3,{0,1,2},{},[(3,1,{0},{0,2}),(3,2,{0,3},{}),S_14⊕1,S_22⊕3,S_23⊕1,S_27,S_29,S_31,S_6,S_6⊕1])"
4,"(2,3,{0,1,2},{},[(3,1,{0},{0,2}),(3,2,{0,3},{}),S_1⊕3,S_22⊕3,S_23⊕1,S_27,S_29,S_31,S_6,S_6⊕1])"
4,"(2,3,{0,2,4},{},[S_1,S_11⊕1,S_27,S_29,S_31,S_9⊕3])"
4,"(2,3,{0,2},{},[S_1,S_1⊕1,S_29,S_31,S_5⊕1])"
4,"(2,3,{0,2},{},[S_1,S_2,S_22⊕1,S_29,S_5⊕1])"
4,"(2,3,{0,2},{},[S_1,S_29,S_31,S_5⊕1])"
4,"(2,3,{1,2},{},[(1,1,{3},{}),(1,4,{0,1,3},{}),(1,4,{1,3},{}),(3,1,{0,3},{}),(3,1,{0},{0,2}),S_1,S_14⊕1,S_22⊕3,S_27,S_29,S_30])"
4,"(2,3,{2,4},{},[(3,4,{1,3},{}),(3,4,{2,3},{}),S_1,S_1⊕1,S_1⊕3,S_2])"
4,"(2,5,{0,1,2},{},[(1,1,{3},{}),(3,2,{0,3},{}),(3,3,{2},{0,2}),(3,4,{0,3},{}),S_12,S_13⊕1,S_1⊕3,S_27,S_29,S_30,S_31])"
4,"(2,5,{0,1},{},[(3,4,{0,1},{}),S_1,S_16⊕1,S_18⊕1,S_2])"
4,"(2,5,{0,2},{},[(3,4,{1,3},{}),S_1,S_2,S_22⊕1,S_29,S_5⊕1,S_9⊕1])"
4,"(3,0,{1,2,3},{},[(1,3,{0,1,2},{}),S_1,S_12⊕2,S_14⊕2,S_2,S_7])"
4,"(4,0,{1,2,4},{},[(0,1,{0,3},{}),(1,4,{0,1,3},{}),(1,4,{0,1},{}),S_14⊕1,S_14⊕2,S_18⊕1,S_1⊕3,S_2,S_27,S_29])"
4,"(4,0,{1,2,4},{},[(1,1,{0},{0,2}),(1,1,{3},{}),(1,4,{0,1,3},{}),(1,4,{1,2,3},{}),(3,1,{0,3},{}),(3,4,{0,1},{}),S_1,S_14⊕2,S_27,S_29,S_31,S_5⊕1,S_9⊕3])"
4,"(4,0,{1,2,4},{},[(1,1,{0},{0,2}),(1,1,{3},{}),(1,4,{0,1},{}),(1,4,{1,3},{}),(3,1,{0,2,3},{}),(3,1,{0,3},{}),S_1,S_14⊕1,S_14⊕2,S_1⊕3,S_27,S_29,S_31,S_5⊕1,S_9⊕3])"
4,"(4,0,{1,2,4},{},[(1,1,{0},{0,2}),(1,4,{0,1},{}),(3,1,{0,2,3},{}),(3,4,{0,1},{}),S_1,S_14⊕2,S_1⊕3,S_27,S_29])"
4,"(4,0,{1,2,4},{},[(1,4,{0,1,2,3},{}),(1,4,{0,1,3},{}),(3,4,{0,1,3},{}),S_1,S_13⊕2,S_14⊕2,S_2,S_27,S_31,S_6])"
4,"(4,0,{1,2,4},{},[(1,4,{0,1,3},{}),(2,1,{0},{0}),(2,4,{0,1,2,3},{}),(3,4,{0,1,3},{}),S_1,S_14⊕1,S_14⊕2,S_6,S_7⊕1])"
4,"(4,0,{1,2,4},{},[(1,4,{0,1,3},{}),(2,1,{0},{0}),(3,1,{0,3},{}),S_1,S_14⊕2,S_18⊕1,S_27,S_29])"
4,"(4,0,{1,2},{},[(3,1,{0,2,3},{}),(3,1,{0,3},{}),(3,2,{0},{0,1}),(3,4,{0,1,3},{}),S_12,S_13⊕2,S_14⊕1,S_14⊕2,S_27])"
4,"(4,0,{1,4},{},[(1,1,{0},{0,2}),(1,4,{1,2},{}),(3,4,{1,3},{}),S_1,S_22⊕2,S_27,S_7⊕3])"
4,"(4,0,{1},{1,3},[(0,1,{0},{2}),(1,1,{0},{0,2}),(2,1,{0},{0}),(3,1,{0},{0,2}),(3,3,{0},{1,2}),S_30])"
4,"(4,0,{2,4},{},[(0,1,{0,3},{}),(2,4,{1,2,3},{}),S_1,S_1⊕3,S_29,S_31])"
4,"(4,3,{1,2,4},{},[(2,4,{0,1,2,3},{}),S_1,S_14⊕1,S_1⊕1,S_29,S_31])"
4,"(4,3,{4},{},[(1,4,{1,3},{}),(2,4,{2,3},{}),S_1,S_29,S_6⊕1])"
4,"(4,4,{1},{1,2},[(0,1,{0},{2}),(3,1,{0},{0,2}),(3,3,{2},{0,2}),S_19,S_3⊕1,S_5⊕1])"
4,"(4,5,{1,2,3},{},[(2,4,{0,1,2,3},{}),(3,4,{0,1,3},{}),S_12,S_1⊕1,S_29,S_31,S_9])"
3,"(0,0,{1,2},{},[(1,1,{3},{}),(1,4,{1,3},{}),(3,1,{0,3},{}),S_2,S_27,S_31])"
3,"(0,2,{3},{},[S_15,S_27,S_2⊕2,S_4])"
3,"(0,3,{0,1,2,4},{},[(1,4,{1,3},{}),(3,1,{0,3},{}),S_14⊕1,S_18⊕1,S_1⊕1,S_2,S_31])"
3,"(0,3,{0,1,2},{},[(1,1,{0,3},{}),(1,1,{3},{}),(1,4,{0,3},{}),S_11⊕1,S_14⊕1,S_2,S_27,S_29,S_31,S_6⊕1])"
3,"(0,3,{0,1,2},{},[S_13⊕1,S_14⊕1,S_1⊕3,S_2,S_21⊕1,S_23⊕1,S_29,S_31,S_6⊕1])"
3,"(0,3,{0,2,4},{},[(1,1,{3},{}),(1,4,{1,2,3},{}),(3,1,{0,3},{}),S_11⊕1,S_18⊕1,S_2,S_27,S_31,S_5⊕1,S_6⊕1])"
3,"(0,3,{0,2},{},[S_11⊕1,S_14⊕1,S_22⊕1,S_27,S_31])"
3,"(0,3,{0,2},{},[S_14⊕1,S_1⊕3,S_2,S_27,S_29,S_31,S_9⊕3])"
3,"(0,3,{0,2},{},[S_1⊕1,S_22⊕1,S_27,S_31])"
3,"(0,3,{0,2},{},[S_22⊕1,S_29,S_31,S_5⊕1])"
3,"(0,3,{1,2},{},[(1,0,{3},{}),(3,1,{0,3},{}),S_14⊕1,S_18⊕1])"
3,"(0,3,{2},{},[S_14⊕1,S_1⊕1,S_2,S_29,S_31])"
3,"(0,5,{0,1,2,3,4},{},[(1,3,{0,1,2},{}),(1,4,{0,1,2,3},{})])"
3,"(1,0,{1},{},[(0,1,{3},{}),(3,1,{0},{0,2}),S_1,S_1⊕3,S_27,S_30])"
3,"(1,0,{1},{},[(2,2,{0},{0,1}),(3,2,{0},{0,1}),(3,4,{2,3},{}),S_1,S_15,S_27,S_29,S_7⊕3,S_9,S_9⊕3])"
3,"(1,0,{1},{},[(2,2,{0},{0,1}),(3,4,{2,3},{}),S_1,S_15,S_27,S_29,S_7⊕3,S_9,S_9⊕3])"
3,"(1,0,{1},{},[S_1,S_27,S_2⊕2,S_30])"
3,"(1,0,{1},{},[S_1,S_27,S_6])"
3,"(2,0,{1,2,4},{},[(0,1,{0,3},{}),(1,1,{0},{0,2}),(1,4,{0,1,3},{}),(1,4,{0,3},{}),(3,1,{0,2,3},{}),(3,1,{0,3},{}),(3,4,{0,1,2,3},{}),(3,4,{0,1,3},{}),(3,4,{0,3},{}),S_1,S_18⊕1,S_27,S_29])"
3,"(2,0,{1,2,4},{},[(0,1,{0,3},{}),(1,4,{0,1,3},{}),(1,4,{0,1},{}),(3,1,{0,2,3},{}),(3,1,{0,3},{}),(3,2,{0,3},{}),S_14⊕1,S_2])"
3,"(2,0,{1,2,4},{},[(1,1,{3},{}),(1,4,{1,2,3},{}),(3,1,{0,3},{}),(3,1,{0},{0,2}),S_1,S_11⊕1,S_27,S_29,S_5⊕1,S_9⊕3])"
3,"(2,0,{1,2,4},{},[(1,4,{0,1,2,3},{}),(3,1,{0,3},{}),(3,4,{0,1,3},{}),(3,4,{0,3},{}),S_1,S_18⊕1,S_27,S_29,S_31,S_6,S_9⊕3])"
3,"(2,0,{1,2,4},{},[(1,4,{0,1,2,3},{}),(3,1,{0,3},{}),(3,4,{0,1,3},{}),(3,4,{0,3},{}),S_1,S_1⊕3,S_27,S_29,S_31,S_6,S_9⊕3])"
3,"(2,0,{1,2,4},{},[(1,4,{0,1,2},{}),(3,4,{0,3},{}),(3,4,{1,3},{}),S_1,S_14⊕1,S_27,S_29,S_31])"
3,"(2,0,{1,2},{},[(0,1,{0,3},{}),(1,1,{0,3},{}),(1,1,{0},{0,2}),(1,4,{0,1,3},{}),(1,4,{0,3},{}),(3,1,{0,3},{}),(3,1,{0},{0,2}),(3,2,{0,3},{}),(3,4,{0,1,3},{}),S_1,S_11⊕1,S_14⊕1,S_18⊕1,S_1⊕3,S_2,S_27,S_29])"
3,"(2,0,{1,2},{},[(0,1,{0,3},{}),(1,1,{0},{0,2}),(1,4,{0,1,3},{}),(1,4,{1,3},{}),(3,1,{0,3},{}),S_1,S_11⊕1,S_14⊕1,S_18⊕1,S_1⊕3,S_2,S_27,S_29,S_31,S_9⊕3])"
3,"(2,0,{1,2},{},[(0,1,{0,3},{}),(1,4,{0,1},{}),(3,1,{0,3},{}),(3,2,{0,3},{}),(3,4,{0,1},{}),(3,4,{0,3},{}),S_1,S_2])"
3,"(2,0,{1,2},{},[(0,1,{0,3},{}),(3,1,{0,3},{}),(3,1,{0},{0,2}),(3,2,{0,3},{}),(3,4,{0,1,3},{}),S_1,S_14⊕1,S_18⊕1,S_27,S_31,S_9⊕3])"
3,"(2,0,{1,2},{},[(1,1,{3},{}),(1,4,{0,1,3},{}),(1,4,{1,3},{}),(3,1,{0,3},{}),(3,1,{0},{0,2}),S_1,S_11⊕1,S_14⊕1,S_1⊕3,S_27,S_5⊕1,S_9⊕3])"
3,"(2,0,{1},{1,3},[(0,1,{0},{2}),(1,1,{0},{0,2}),(3,1,{0},{0,2}),(3,3,{0},{0,1}),(3,3,{2},{0,2}),S_2,S_30])"
3,"(2,0,{1},{1,3},[(0,1,{0},{2}),(1,1,{0},{0,2}),(3,1,{0},{0,2}),(3,3,{2},{0,2}),S_2,S_2⊕2,S_30,S_3⊕1])"
3,"(2,0,{2,4},{},[(1,1,{3},{}),(1,4,{1,2,3},{}),(1,4,{1,3},{}),(3,1,{0,3},{}),S_1,S_14⊕1,S_29,S_31,S_5⊕1,S_9⊕3])"
3,"(2,0,{2,4},{},[(1,1,{3},{}),(3,3,{2},{0,2}),S_1,S_12,S_1⊕3,S_29,S_31,S_9⊕3])"
3,"(2,0,{2},{},[S_1,S_2,S_29,S_3⊕1,S_5⊕1,S_9⊕1,S_9⊕3])"
3,"(2,2,{1},{1,3},[(0,1,{0},{2}),(3,1,{0},{0,2}),(3,3,{2},{0,2}),S_19,S_2,S_30,S_3⊕1,S_5⊕1])"
3,"(2,2,{1},{1,3},[(1,1,{0},{0,2}),(3,1,{0},{0,2}),(3,3,{2},{0,2}),S_19,S_2])"
3,"(2,3,{0,1,2},{},[(3,4,{0,3},{}),S_1,S_14⊕1,S_18⊕1,S_1⊕1,S_2])"
3,"(2,3,{0,2,4},{},[(1,1,{3},{}),(1,4,{1,2,3},{}),(1,4,{1,3},{}),S_1,S_29,S_31,S_5⊕1])"
3,"(2,3,{0,2},{},[S_1,S_11⊕1,S_27,S_29,S_31,S_6⊕1])"
3,"(2,3,{0,2},{},[S_1,S_1⊕1,S_1⊕3,S_27,S_29,S_31])"
3,"(2,3,{0,2},{},[S_1,S_1⊕1,S_22⊕3,S_29])"
3,"(2,3,{1,2},{},[(1,1,{0,3},{}),(3,1,{0,3},{}),(3,1,{0},{0,2}),(3,2,{0,3},{}),S_1,S_18⊕1,S_22⊕3,S_27])"
3,"(2,3,{1,2},{},[(3,1,{0,3},{}),(3,1,{0},{0,2}),S_1,S_14⊕1,S_18⊕1,S_22⊕3,S_27,S_29,S_9⊕3])"
3,"(2,3,{1,2},{},[(3,1,{0,3},{}),(3,1,{0},{0,2}),S_1,S_14⊕1,S_22⊕3,S_27,S_29,S_31])"
3,"(2,3,{1},{0,1},[(3,2,{0},{0,1}),S_1,S_2,S_5⊕1])"
3,"(2,3,{2,4},{},[(1,4,{1,2},{}),(1,4,{1,3},{}),(3,4,{1,3},{}),S_1,S_1⊕3,S_27,S_29,S_6,S_6⊕1])"
3,"(2,5,{0,1,2},{},[(3,4,{0,1,3},{}),(3,4,{0,3},{}),S_1,S_14⊕1,S_18⊕1,S_2,S_27,S_29,S_6⊕1,S_7⊕1])"
3,"(3,0,{1,2,3,4},{},[(1,3,{0,1,2},{}),S_1,S_14⊕2,S_2,S_7])"
3,"(3,0,{1,2},{},[S_1,S_13⊕2,S_14⊕1,S_2,S_31,S_7⊕1])"
3,"(3,3,{1},{0,1,2},[(2,2,{0},{0,1}),S_2])"
3,"(4,0,{1,2,4},{},[(0,1,{0,3},{}),(1,1,{0},{0,2}),(1,4,{0,1},{}),(3,1,{0,3},{}),S_1,S_14⊕2,S_1⊕3])"
3,"(4,0,{1,2,4},{},[(0,1,{0,3},{}),(2,4,{1,2,3},{}),(3,1,{0,3},{}),(3,1,{0},{0,2}),(3,2,{0,3},{}),(3,4,{0,1,3},{}),S_1,S_14⊕1,S_18⊕1,S_27,S_31,S_9⊕3])"
3,"(4,0,{1,2,4},{},[(1,4,{0,1,3},{}),(2,1,{0},{0}),(2,4,{0,1,2,3},{}),S_1,S_14⊕1,S_14⊕2,S_18⊕1,S_31])"
3,"(4,0,{1,2,4},{},[(2,4,{1,2,3},{}),(3,1,{0,3},{}),(3,1,{0},{0,2}),S_1,S_11⊕1,S_27,S_29,S_9⊕3])"
3,"(4,0,{1,4},{},[(1,1,{0},{0,2}),(1,4,{1,2},{}),(1,4,{1,3},{}),(3,1,{0},{0,2}),(3,4,{1,3},{}),S_1,S_1⊕3,S_22⊕2,S_27,S_7⊕3])"
3,"(4,0,{2,4},{},[(0,1,{0,3},{}),(2,4,{1,2,3},{}),(3,1,{0,3},{}),S_14⊕1,S_18⊕1,S_1⊕3,S_2,S_27,S_29,S_31,S_5⊕1,S_9⊕3])"
3,"(4,0,{2,4},{},[(0,1,{0,3},{}),(2,4,{1,2,3},{}),S_14⊕1,S_18⊕1,S_1⊕3,S_2,S_27,S_29,S_31,S_5⊕1,S_9⊕3])"
3,"(4,3,{0,1,2,4},{},[(1,4,{0,1,2,3},{}),(2,4,{0,1,2,3},{}),(3,4,{0,1,3},{}),S_1,S_14⊕1,S_6⊕1])"
3,"(4,3,{0,1,2,4},{},[(2,4,{0,1,2,3},{}),(3,4,{0,1,3},{}),S_1,S_18⊕1,S_1⊕1,S_29])"
3,"(4,3,{1},{0,1,2},[(2,1,{0},{0}),(2,2,{0},{0,1}),(3,1,{0},{0,2}),S_19,S_2])"
2,"(0,0,{1,2},{},[(1,1,{3},{}),(1,4,{0,1,3},{}),(1,4,{1,3},{}),S_14⊕1,S_18⊕1,S_2,S_27,S_29,S_31,S_5⊕1])"
2,"(0,3,{0,1,2},{},[(1,1,{0,3},{}),(1,4,{0,3},{}),S_11⊕1,S_14⊕1,S_2,S_29,S_31,S_6⊕1])"
2,"(0,3,{0,2,4},{},[(1,4,{1,2,3},{}),S_11⊕1,S_2,S_22⊕1,S_27,S_29,S_31,S_5⊕1,S_9⊕3])"
2,"(0,3,{0,2},{},[(1,0,{3},{}),(1,1,{0,3},{}),(1,4,{0,3},{}),S_14⊕1,S_29,S_6⊕1])"
2,"(0,3,{0,2},{},[S_11⊕1,S_14⊕1,S_1⊕3,S_2,S_27,S_29,S_31,S_6⊕1,S_9⊕3])"
2,"(0,3,{0,2},{},[S_1⊕1,S_1⊕3,S_2,S_23⊕1,S_31,S_6⊕1])"
2,"(0,3,{0,2},{},[S_1⊕1,S_2,S_29,S_31])"
2,"(0,3,{0,2},{},[S_2,S_21⊕1,S_23⊕1,S_29,S_31,S_6⊕1])"
2,"(0,3,{0,2},{},[S_2,S_22⊕1,S_27,S_29,S_31,S_9⊕3])"
2,"(0,3,{2},{},[S_14⊕1,S_1⊕1,S_2,S_29])"
2,"(1,0,{1},{},[(2,1,{0},{0}),(3,1,{0,3},{}),S_1,S_18⊕1])"
2,"(1,0,{1},{},[(2,2,{0},{0,1}),S_1,S_15,S_27,S_29,S_7⊕3,S_9,S_9⊕3])"
2,"(1,0,{2},{},[(0,1,{3},{}),S_1,S_29,S_5⊕1])"
2,"(2,0,{1,2,4},{},[(0,1,{0,3},{}),(1,1,{0,3},{}),(1,4,{0,1,3},{}),(1,4,{0,1},{}),(1,4,{0,3},{}),(3,1,{0,2,3},{}),(3,1,{0,3},{}),(3,2,{0,3},{}),(3,4,{0,1,3},{}),S_11⊕1,S_14⊕1,S_18⊕1,S_1⊕3,S_2,S_27,S_29])"
2,"(2,0,{1,2,4},{},[(0,1,{0,3},{}),(1,4,{0,1,3},{}),(1,4,{0,1},{}),(3,1,{0,3},{}),(3,2,{0,3},{}),(3,4,{0,1,2,3},{}),(3,4,{0,1,3},{}),(3,4,{0,1},{}),(3,4,{0,3},{}),S_1,S_18⊕1,S_2,S_27,S_29])"
2,"(2,0,{1,2,4},{},[(1,1,{0,3},{}),(1,1,{0},{0,2}),(1,1,{3},{}),(1,4,{0,1,3},{}),(1,4,{0,3},{}),(3,1,{0,2,3},{}),(3,1,{0,3},{}),(3,1,{0},{0,2}),(3,4,{0,1,2,3},{}),S_1,S_11⊕1,S_14⊕1,S_18⊕1,S_1⊕3,S_27,S_29,S_31])"
2,"(2,0,{1,2,4},{},[(1,1,{0},{0,2}),(1,4,{1,2},{}),(3,4,{1,3},{}),S_1,S_27,S_7⊕3,S_9⊕3])"
2,"(2,0,{1,2,4},{},[(1,1,{3},{}),(1,4,{0,1,3},{}),(3,1,{0,2,3},{}),(3,1,{0,3},{}),(3,1,{0},{0,2}),S_1,S_14⊕1,S_18⊕1,S_27,S_30])"
2,"(2,0,{1,2,4},{},[(1,1,{3},{}),(1,4,{1,2,3},{}),(1,4,{1,3},{}),(3,1,{0,2,3},{}),(3,1,{0,3},{}),(3,1,{0},{0,2}),(3,2,{0,3},{}),(3,4,{0,1,3},{}),S_1,S_14⊕1,S_18⊕1,S_27])"
2,"(2,0,{1,2,4},{},[(1,4,{0,1,2,3},{}),(3,1,{0,3},{}),(3,4,{0,1,3},{}),S_1,S_18⊕1,S_27,S_29,S_31,S_6,S_9⊕3])"
2,"(2,0,{1,2,4},{},[(1,4,{1,2,3},{}),(1,4,{1,3},{}),(3,1,{0},{0,2}),S_1,S_1⊕3,S_29,S_31,S_9⊕3])"
2,"(2,0,{1,2},{},[(0,1,{0,3},{}),(1,1,{0},{0,2}),(1,4,{0,1,3},{}),(1,4,{0,1},{}),(1,4,{1,3},{}),(3,1,{0,3},{}),S_1,S_14⊕1,S_18⊕1,S_1⊕3,S_2,S_27,S_29,S_31,S_9⊕3])"
2,"(2,0,{1,2},{},[(0,1,{0,3},{}),(1,1,{0},{0,2}),(1,4,{0,1,3},{}),(3,1,{0,3},{}),(3,1,{0},{0,2}),(3,2,{0,3},{}),(3,4,{0,1,3},{}),S_1,S_14⊕1,S_18⊕1,S_27,S_29,S_31])"
2,"(2,0,{1,2},{},[(0,1,{0,3},{}),(1,1,{0},{0,2}),(1,4,{0,1,3},{}),(3,1,{0,3},{}),(3,4,{0,1,3},{}),(3,4,{0,3},{}),S_1,S_14⊕1,S_18⊕1,S_1⊕3,S_27,S_29])"
2,"(2,0,{1,2},{},[(0,1,{0,3},{}),(1,1,{0},{0,2}),(1,4,{0,1,3},{}),(3,1,{0,3},{}),S_1,S_11⊕1,S_14⊕1,S_18⊕1,S_1⊕3,S_2,S_27,S_29])"
2,"(2,0,{1,2},{},[(0,1,{0,3},{}),(3,1,{0,3},{}),S_1,S_14⊕1,S_2,S_21⊕1,S_31,S_7⊕1])"
2,"(2,0,{1,2},{},[(1,1,{3},{}),(1,4,{1,3},{}),(3,1,{0,2,3},{}),(3,1,{0,3},{}),(3,1,{0},{0,2}),S_1,S_27])"
2,"(2,0,{1,2},{},[S_1,S_14⊕1,S_18⊕1,S_2,S_27,S_29,S_31,S_9⊕3])"
2,"(2,0,{1},{1,3},[(0,1,{0},{2}),(1,1,{0},{0,2}),(3,1,{0},{0,2}),(3,3,{2},{0,2}),S_2,S_30])"
2,"(2,0,{2,4},{},[(1,4,{1,2,3},{}),(1,4,{1,3},{}),(3,1,{0},{0,2}),S_1,S_1⊕3,S_29,S_31,S_9⊕3])"
2,"(2,0,{2},{},[(0,1,{0,3},{}),(1,1,{0,3},{}),(1,4,{0,1,3},{}),S_11⊕1,S_14⊕1,S_2,S_27,S_29,S_31,S_9⊕3])"
2,"(2,0,{2},{},[(0,1,{0,3},{}),S_1,S_14⊕1,S_1⊕3,S_29,S_31])"
2,"(2,0,{2},{},[(0,1,{0,3},{}),S_1,S_1⊕3,S_29,S_31])"
2,"(2,0,{2},{},[(1,1,{3},{}),S_1,S_1⊕3,S_31,S_5⊕1])"
2,"(2,0,{2},{},[(1,4,{1,2,3},{}),(1,4,{1},{}),(3,1,{0},{0,2}),(3,4,{1,3},{}),S_1,S_2,S_27,S_29,S_9⊕3])"
2,"(2,0,{2},{},[(1,4,{1,2,3},{}),(1,4,{1},{}),(3,4,{1,3},{}),S_1,S_2,S_22⊕1,S_27,S_31,S_5⊕1,S_9⊕3])"
2,"(2,0,{2},{},[S_1,S_2,S_29,S_9⊕1,S_9⊕3])"
2,"(2,0,{2},{},[S_22⊕1,S_29,S_3⊕1,S_5⊕1,S_9⊕3])"
2,"(2,2,{1},{1,3},[(0,1,{0},{2}),(3,1,{0},{0,2}),(3,3,{2},{0,2}),S_19,S_2])"
2,"(2,3,{0,1,2},{},[(0,1,{0,3},{}),(1,4,{0,1,3},{}),(1,4,{1,3},{}),(3,1,{0,3},{}),S_1,S_11⊕1,S_14⊕1,S_2,S_27,S_29,S_31])"
2,"(2,3,{0,1,2},{},[S_1,S_18⊕1,S_1⊕1,S_2,S_6⊕1])"
2,"(2,3,{0,2,4},{},[(1,4,{1,2,3},{}),(1,4,{1,3},{}),S_1,S_29,S_31,S_5⊕1,S_9⊕3])"
2,"(2,3,{1,2,4},{},[(1,4,{0,1,2,3},{}),(1,4,{0,1,3},{}),(3,4,{0,1,3},{}),(3,4,{0,3},{}),(3,4,{1,3},{}),S_1,S_27,S_29,S_6,S_6⊕1])"
2,"(2,3,{1,2},{},[(0,1,{0,3},{}),(1,4,{0,1,3},{}),(3,4,{0,3},{}),S_1,S_14⊕1,S_29,S_6⊕1])"
2,"(2,3,{2,4},{},[(1,4,{1,2},{}),(1,4,{1,3},{}),S_1,S_11⊕1,S_1⊕3,S_27,S_29,S_31,S_6⊕1])"
2,"(3,0,{1,2,3},{},[(1,3,{0,1,2},{}),S_1,S_14⊕2,S_2,S_7])"
2,"(3,0,{1,2,4},{},[(1,4,{0,1,3},{}),(2,1,{0},{0}),(2,4,{0,1,2,3},{}),S_1,S_14⊕1,S_14⊕2,S_31])"
2,"(3,5,{2,3},{},[(2,4,{2,3},{}),S_1,S_1⊕1,S_31])"
2,"(4,0,{1,2,4},{},[(0,1,{0,3},{}),(1,1,{0},{0,2}),(1,4,{0,1,3},{}),(1,4,{1,3},{}),(3,1,{0,3},{}),S_1,S_14⊕2,S_18⊕1,S_1⊕3,S_27,S_29])"
2,"(4,0,{1,2,4},{},[(0,1,{0,3},{}),(2,4,{0,1,2,3},{}),(3,4,{0,3},{}),S_1,S_21⊕1,S_29])"
2,"(4,0,{1,2,4},{},[(1,1,{0},{0,2}),(1,1,{3},{}),(1,4,{0,1,3},{}),(1,4,{1,2,3},{}),(3,4,{0,1},{}),S_1,S_14⊕2,S_27,S_29,S_31,S_5⊕1])"
2,"(4,0,{1,2,4},{},[(1,1,{0},{0,2}),(1,1,{3},{}),(1,4,{0,1},{}),(1,4,{1,3},{}),(3,1,{0,3},{}),S_1,S_14⊕1,S_14⊕2,S_1⊕3,S_27,S_29,S_31,S_5⊕1])"
2,"(4,0,{1,2,4},{},[(1,4,{0,1,3},{}),(1,4,{1,2,3},{}),(2,1,{0},{0}),S_1,S_27,S_29])"
2,"(4,0,{1,2,4},{},[(2,4,{1,2,3},{}),S_1,S_11⊕1,S_2,S_31,S_9⊕3])"
2,"(4,0,{1,2},{},[(1,1,{3},{}),(3,1,{0,3},{}),(3,3,{0},{0,1}),S_1,S_14⊕2,S_27,S_29,S_5⊕1,S_9⊕3])"
2,"(4,0,{1},{1,3},[(0,1,{0},{2}),(1,1,{0},{0,2}),(2,1,{0},{0}),(3,1,{0},{0,2})])"
2,"(4,2,{1},{1,3},[(0,1,{0},{2}),(2,1,{0},{0}),(3,1,{0},{0,2}),(3,3,{2},{0,2}),S_19,S_23,S_5⊕1])"
2,"(4,5,{4},{},[(1,4,{1,2},{}),(3,4,{1,3},{}),(3,4,{2,3},{}),S_1,S_15,S_1⊕1,S_2,S_27,S_29])"
1,"(0,0,{1,2,4},{},[(1,1,{0,3},{}),(1,4,{1,2,3},{}),(3,1,{0,2,3},{}),S_11⊕1,S_14⊕1,S_2,S_27,S_29,S_5⊕1])"
1,"(0,0,{1,2},{},[(1,1,{3},{}),S_11⊕1,S_1⊕3,S_27,S_29])"
1,"(0,0,{2,4},{},[(1,4,{1,2,3},{}),(1,4,{1,2},{}),S_11⊕1,S_2,S_27,S_29,S_31,S_5⊕1,S_7⊕3,S_9⊕3])"
1,"(0,0,{2},{},[S_11⊕1,S_14⊕1,S_22⊕1,S_27,S_31])"
1,"(0,1,{0,2},{},[S_13⊕1,S_23⊕1,S_31,S_6⊕1])"
1,"(0,1,{0,2},{},[S_1⊕1,S_23⊕1,S_29,S_31,S_6⊕1])"
1,"(0,2,{0,1,3},{},[(1,3,{0,1,2},{}),S_1⊕1])"
1,"(0,2,{0,1,3},{},[(1,3,{0,1,2},{}),S_7⊕1])"
1,"(0,3,{0,1,2},{},[S_14⊕1,S_18⊕1,S_27,S_31,S_5⊕1,S_6⊕1])"
1,"(0,3,{0,1,2},{},[S_14⊕1,S_2,S_27,S_29,S_31,S_6⊕1])"
1,"(0,3,{0,2},{},[(1,1,{3},{}),S_11⊕1,S_2,S_22⊕1,S_27,S_29,S_31])"
1,"(0,3,{0,2},{},[(1,4,{1,3},{}),S_14⊕1,S_1⊕1,S_2,S_29,S_31])"
1,"(0,3,{0,2},{},[S_13⊕1,S_1⊕1,S_2,S_31,S_6⊕1])"
1,"(0,3,{0,2},{},[S_2,S_22⊕1,S_29,S_31,S_5⊕1,S_9⊕3])"
1,"(0,3,{1,2},{},[(1,1,{0,3},{}),(1,4,{0,3},{}),(3,1,{0,3},{}),(3,1,{0},{0,2}),(3,2,{0,3},{}),S_22⊕3,S_27,S_29])"
1,"(0,3,{2},{},[S_11⊕1,S_1⊕1,S_1⊕3,S_27])"
1,"(2,0,{1,2,4},{},[(0,1,{0,3},{}),(1,1,{0,3},{}),(1,4,{0,1,3},{}),(1,4,{0,1},{}),(3,1,{0,2,3},{}),(3,1,{0,3},{}),(3,2,{0,3},{}),S_11⊕1,S_14⊕1,S_18⊕1,S_1⊕3,S_2,S_27,S_29])"
1,"(2,0,{1,2,4},{},[(0,1,{0,3},{}),(1,4,{0,1,3},{}),(1,4,{0,1},{}),(3,1,{0,3},{}),(3,4,{0,1,2,3},{}),(3,4,{0,1},{}),(3,4,{0,3},{}),S_1,S_18⊕1,S_2,S_27,S_29])"
1,"(2,0,{1,2,4},{},[(0,1,{0,3},{}),(1,4,{0,1,3},{}),(1,4,{0,3},{}),(3,1,{0,3},{}),(3,4,{0,1,2,3},{}),(3,4,{0,1,3},{}),S_1,S_2,S_27,S_29])"
1,"(2,0,{1,2,4},{},[(0,1,{0,3},{}),(1,4,{1,2,3},{}),(3,1,{0,2,3},{}),(3,1,{0},{0,2}),(3,4,{0,1,3},{}),S_1,S_14⊕1,S_18⊕1,S_27])"
1,"(2,0,{1,2,4},{},[(1,1,{3},{}),(1,4,{0,1,3},{}),(3,1,{0,2,3},{}),(3,1,{0,3},{}),(3,1,{0},{0,2}),(3,4,{0,1,2,3},{}),(3,4,{0,1,3},{}),(3,4,{0,3},{}),S_1,S_14⊕1,S_1⊕3,S_27,S_29,S_6,S_9⊕3])"
1,"(2,0,{1,2,4},{},[(1,4,{0,1,3},{}),(3,1,{0,2,3},{}),(3,1,{0,3},{}),(3,1,{0},{0,2}),(3,4,{0,3},{}),S_1,S_14⊕1,S_27,S_30,S_6,S_9⊕3])"
1,"(2,0,{1,2,4},{},[(1,4,{1,2,3},{}),(1,4,{1,3},{}),(3,1,{0,2,3},{}),(3,1,{0,3},{}),(3,1,{0},{0,2}),(3,2,{0,3},{}),(3,4,{0,1,3},{}),S_1,S_14⊕1,S_18⊕1,S_27])"
1,"(2,0,{1,2,4},{},[(1,4,{1,3},{}),(3,1,{0,2,3},{}),(3,1,{0,3},{}),(3,1,{0},{0,2}),S_1,S_14⊕1,S_27,S_31])"
1,"(2,0,{1,2},{},[(0,1,{0,3},{}),(1,1,{0},{0,2}),(1,4,{0,1,3},{}),(3,1,{0,3},{}),(3,2,{0,3},{}),(3,4,{0,1,3},{}),S_1,S_14⊕1,S_18⊕1,S_27,S_29,S_31])"
1,"(2,0,{1,2},{},[(0,1,{0,3},{}),(1,4,{0,1,3},{}),(1,4,{1,3},{}),(3,1,{0,3},{}),(3,4,{0,1,3},{}),S_1,S_14⊕1,S_1⊕3,S_2,S_27,S_29])"
1,"(2,0,{1,2},{},[(0,1,{0,3},{}),(1,4,{0,3},{}),(3,1,{0,3},{}),(3,4,{0,1},{}),S_1,S_18⊕1,S_2,S_7⊕1])"
1,"(2,0,{1,2},{},[(0,1,{0,3},{}),(3,1,{0,3},{}),S_1,S_18⊕1,S_1⊕3,S_2,S_21⊕1,S_31,S_7⊕1])"
1,"(2,0,{1,2},{},[(1,1,{3},{}),(1,4,{1,3},{}),(3,1,{0,2,3},{}),(3,1,{0,3},{}),S_1,S_27,S_2⊕2,S_9,S_9⊕3])"
1,"(2,0,{1,2},{},[S_1,S_11⊕1,S_1⊕3,S_30,S_31,S_9⊕3])"
1,"(2,0,{1},{1,3},[(0,1,{0},{2}),(1,1,{0},{0,2}),(3,1,{0},{0,2}),(3,3,{2},{0,2}),S_2,S_3⊕1])"
1,"(2,0,{1},{1,3},[(0,1,{0},{2}),(1,1,{0},{0,2}),(3,1,{0},{0,2}),(3,3,{2},{0,2}),S_2])"
1,"(2,0,{1},{1},[(0,1,{0},{2}),(1,1,{0},{0,2}),(3,1,{0},{0,2}),S_2])"
1,"(2,0,{1},{1},[(0,1,{0},{2}),(3,1,{0},{0,2}),S_2,S_30,S_3⊕1,S_5⊕1])"
1,"(2,0,{1},{1},[(0,1,{0},{2}),(3,1,{0},{0,2}),S_2,S_30,S_5⊕1])"
1,"(2,0,{1},{1},[(0,1,{0},{2}),(3,1,{0},{0,2}),S_2])"
1,"(2,0,{1},{1},[(0,1,{0},{2}),(3,1,{0},{0,2}),S_3⊕1,S_5⊕1])"
1,"(2,0,{1},{},[(0,1,{0,3},{}),(0,1,{0},{2}),(1,1,{0,3},{}),(3,1,{0},{0,2}),S_2,S_27])"
1,"(2,0,{1},{},[(0,1,{0,3},{}),(0,1,{0},{2}),(1,1,{0,3},{}),S_2,S_27,S_5⊕1])"
1,"(2,0,{2,3},{},[S_1,S_2,S_22⊕1,S_29,S_5⊕1,S_7⊕3,S_9⊕1])"
1,"(2,0,{2,3},{},[S_1,S_2,S_29,S_7⊕3,S_9⊕1])"
1,"(2,0,{2,4},{},[(0,1,{3},{}),(1,4,{1,2,3},{}),S_11⊕1,S_2,S_27,S_29,S_31,S_5⊕1,S_7⊕3,S_9⊕3])"
1,"(2,0,{2},{},[(0,1,{0,3},{}),S_1,S_29,S_31])"
1,"(2,0,{2},{},[(1,4,{1,2,3},{}),(1,4,{1},{}),(3,4,{1,3},{}),S_1,S_2,S_22⊕1,S_27,S_5⊕1,S_9⊕3])"
1,"(2,3,{0,1,2,4},{},[(1,4,{0,1,2,3},{}),(1,4,{1,3},{}),(3,4,{0,1,3},{}),(3,4,{0,3},{}),S_1,S_18⊕1,S_1⊕1,S_27,S_31])"
1,"(2,3,{0,1,2},{},[(0,1,{0,3},{}),(1,4,{0,1,3},{}),(3,4,{0,1,3},{}),S_11⊕1,S_14⊕1,S_2,S_29,S_6⊕1])"
1,"(2,3,{0,1,2},{},[(0,1,{0,3},{}),S_11⊕1,S_14⊕1,S_18⊕1,S_2,S_29,S_31,S_6⊕1])"
1,"(2,3,{0,1,2},{},[(1,4,{0,1,3},{}),(3,1,{0,3},{}),(3,1,{0},{0,2}),(3,2,{0,3},{}),(3,4,{0,1,3},{}),S_1,S_14⊕1,S_18⊕1,S_27,S_31,S_6⊕1])"
1,"(2,3,{0,1,2},{},[(1,4,{1,3},{}),S_1,S_14⊕1,S_18⊕1,S_2,S_27,S_29,S_31])"
1,"(2,3,{0,1,2},{},[S_1,S_14⊕1,S_18⊕1,S_2,S_27,S_29,S_31,S_5⊕1,S_6⊕1])"
1,"(2,3,{0,1,2},{},[S_1,S_14⊕1,S_18⊕1,S_2,S_27,S_29,S_31,S_6⊕1])"
1,"(2,3,{0,2,4},{},[(1,4,{1,2,3},{}),(1,4,{1,3},{}),S_1,S_29,S_31,S_5⊕1])"
1,"(2,3,{0,2,4},{},[(1,4,{1,2},{}),(1,4,{1},{}),(3,1,{0},{0,2}),(3,4,{1,3},{}),(3,4,{3},{}),S_1,S_2,S_27,S_31])"
1,"(2,3,{0,2},{},[(0,1,{0,3},{}),S_1⊕1,S_1⊕3,S_29,S_31,S_6⊕1])"
1,"(2,3,{0,2},{},[(1,4,{1,3},{}),(3,1,{0},{0,2}),(3,4,{1,3},{}),(3,4,{3},{}),S_1,S_2,S_27,S_31])"
1,"(2,3,{1,2},{},[(0,1,{0,3},{}),S_14⊕1,S_18⊕1,S_2,S_21⊕1,S_6⊕1])"
1,"(2,3,{1,2},{},[(1,4,{0,1,3},{}),(1,4,{1,3},{}),(3,1,{0,3},{}),(3,1,{0},{0,2}),S_1,S_14⊕1,S_22⊕3,S_27,S_29])"
1,"(2,3,{1,2},{},[S_1,S_11⊕1,S_1⊕3,S_27,S_29,S_6⊕1])"
1,"(2,3,{2},{},[(0,1,{0,3},{}),S_1,S_1⊕1,S_1⊕3,S_29,S_31])"
1,"(2,5,{0,1,2},{},[(0,1,{0,3},{}),(3,4,{0,1,3},{}),S_14⊕1,S_2,S_6⊕1,S_7⊕1])"
1,"(2,5,{1,2},{},[(3,4,{0,3},{}),S_1,S_14⊕1,S_1⊕1,S_27,S_29,S_7⊕1])"
1,"(2,5,{2,3},{},[(3,4,{2,3},{}),S_1,S_1⊕1,S_2,S_29,S_9⊕1])"
1,"(3,0,{3,4},{},[(1,4,{1,3},{}),(1,4,{1},{}),(2,1,{0},{0}),S_1,S_15])"
1,"(3,2,{1},{0,1},[(2,3,{0},{0,1}),S_2,S_3⊕1])"
1,"(3,3,{1},{0,1},[(2,2,{0},{0,1}),S_2])"
1,"(3,5,{0,1,2,3},{},[(2,4,{0,1,2,3},{}),S_1,S_1⊕1,S_31,S_7⊕1])"
1,"(4,0,{1,2,4},{},[(0,1,{0,3},{}),(2,1,{0},{0}),(2,4,{0,1,2,3},{}),S_1,S_13⊕2,S_18⊕1,S_21⊕1,S_31])"
1,"(4,0,{1,2,4},{},[(0,1,{0,3},{}),(2,4,{1,2,3},{}),(3,1,{0,3},{}),(3,1,{0},{0,2}),(3,2,{0,3},{}),(3,4,{0,1,3},{}),S_1,S_14⊕1,S_18⊕1,S_27,S_31])"
1,"(4,0,{1,2},{},[(0,1,{0,3},{}),(1,4,{0,1,3},{}),S_1,S_13⊕2,S_14⊕1,S_2,S_27,S_29,S_31])"
1,"(4,0,{1,3,4},{},[(1,3,{0,1,2},{}),(1,4,{0,1,2,3},{}),(1,4,{0,1,2},{}),(2,4,{0,1,2,3},{}),S_14⊕2,S_15,S_27,S_6])"
1,"(4,0,{1,4},{},[(1,4,{1,3},{}),(2,2,{0},{0,1}),(3,2,{0},{0,1}),(3,4,{2,3},{}),S_1,S_15,S_27,S_29,S_9,S_9⊕3])"
1,"(4,0,{2,4},{},[(0,1,{0,3},{}),(2,4,{1,2,3},{}),S_14⊕1,S_2,S_27,S_29,S_31])"
